"business_trading_name","category","suburb","state","post_code","phone_number","email","ABN","logo","first_name","last_name"
"A 1 Brick Repairs, Fences & Fireplaces service","Bricklaying","Melbourne","VIC","3195","0409 889 806","costleyblock@gmail.com","85067078056","","Kevin","Tangney"
"A1 Three Emergency Plumbing","Gas Fitters","Mordialloc","VIC","3195"," ","abelemergency@gmail.com","35499315227","","Brooke","Standish"
"A1 Tiling, Design & Renovations","Tilers","Mordialloc","VIC","3195","0403 121 022","a1renovations685@gmail.com","66365917599","","Chris",""
"Above All Plumbing & Gasfitting service","General Maintenance","Braeside","VIC","3195","0417 521 066","aboveallplumbing@bigpond.com","63082603956",""," ",""
"ACG Electrical Pty Ltd","Electricians","Parkdale","VIC","3195","0402 884 619","acgelectrical@optusnet.com.au","11988344714",""," ",""
"A D J ContrActing Pty Ltd","Electricians","Braeside","VIC","3195"," ","admin@adj.com.au","90005024993",""," ",""
"AEP Landscapes","Landscaping & Gardening","Aspendale","VIC","3195","0404 030 624","info@aeplandscapes.com","83131599650",""," ",""
"Aggreko","Generators","Braeside","VIC","3195"," ","rhys.nasir@aggreko.com.au","66001991457",""," ",""
"AGS Carpentry Projects","Handyman","Parkdale","VIC","3195","0408 399 723","andrewsmith10180@hotmail.com","59001156753",""," ",""
"Airconditioning Coast2Coast","Air Conditioning","MORDIALLOC","VIC","3195","0476 491 570","rowlandair@bigpond.com","81588634927","","Paul","Rowland"
"Airconditioning Mart","Air Conditioning","MORDIALLOC","VIC","3195"," ","dee@clarkgroupwa.com.au","15630673026",""," ",""
"Airconditioning Repair Adelaide","Appliance Repairs","MORDIALLOC","VIC","3195","0411 110 349","aaaronair@gmail.com","15099350199",""," ",""
"Alibrando enterprises Pty Ltd","Bricklaying","waterways","VIC","3195","0449 010 052","alibrando.frank@gmail.com","12377815598","","Frank",""
"All Household Plumbing","Plumbers","Parkdale","VIC","3195"," ","allhouseholdplumbing@gmail.com","72957500960",""," ",""
"All Plasterboard and Cornice Repairs","Plastering & Gyprock","waterways","VIC","3195","0403 285 569","drboyton@gmail.com","43620179574",""," ",""
"All Pool & Spa service","Pool Maintenance","Aspendale Gardens","VIC","3195"," ","allpoolandspaservice@gmail.com","73896890312",""," ",""
"All Seasons Guttering","Guttering","98 Nepean HWY, Aspendale","VIC","3195","0413 992 533","allseasons73@gmail.com","12131773049","","Michael, Tony &","Matt"
"Alpha Air PTY LTD","Heating Systems","14 95/97 White ST, Mordialloc","VIC","3195","0431 102 672","todd@alpha-air.com.au","16149716209",""," ",""
"Anasi Group","Carpet & Upholstery Cleaning","Unit 4/2 Sibthirpe ST, Mordialloc","VIC","3195","0433 299 244","ag@anasi.com.au","87108593611",""," ",""
"Angelo The Handyman","Handyman","Mentone","VIC","3195","0420 384 892","afstralos13@gmail.com","47235903815","","Angelo","Athinis"
"Apples Construction","Carpenters","Parkdale","VIC","3195","0450 604 340","sam.applesconstruction@outlook.com","79792131942","","Sam","Appleford"
"Aquafirst","Pool Maintenance","290 Boundary RD, Braeside","VIC","3195","0402 120 843","hello@aquafirst.com.au","98608897105",""," ",""
"ARE Air Ref Elec","Electricians","Mordialloc","VIC","3195","0422 163 632","are@iprimus.com.au","32775880172","","Peter","Muller"
"Ascend Building & Construction Pty Ltd","Building","Moreialloc","VIC","3195","0499 142 168","keith@ascendbuilding.construction","29618553183","","Keith","Kavanagh"
"Australian Roof Vent Company","Ventilation","Braeside","VIC","3195"," ","arvfans@tpg.com.au","28007417487",""," ",""
"Bayside Electrical","Electricians","Parkdale","VIC","3195","0431 201 688","sam@baysideelec.com.au","51985760998",""," ",""
"Bayside Electrical & Security","Electricians","Astendale Gardens","VIC","3195"," ","baysideelectrical@outlook.com","69479056766","","Eric","Felices"
"Bayside House Inspections","Inspections - Pest","Parkdale","VIC","3195","0418 256 311","john@bayhouseinspections.com.au","63549844643","","John","Carter"
"Beachside Plumbing services Pty Ltd","Plumbers","4/52 Industrial DRV, Braeside","VIC","3195"," ","office@beachsideplumbing.com.au","26191158192",""," ",""
"Beachside Pool & Garden Care","Garden Maintenance","4/52 Industrial DRV, Braeside","VIC","3195","0409 590 848","ssturgess@vtown.com.au","40615843809",""," ",""
"Ben Andrew Smith","Small Move","Melbourne CBD","VIC","3195","0478 966 921","benandrewsmith@hotmail.com","77825603002",""," ",""
"Bespoke interiors","Interior Decorating","West Parkdale","VIC","3195","0402 088 870","bespoke1@bigpond.com","38656528248",""," ",""
"B & F Cleaning services","Window Cleaning","Mordialloc","VIC","3195"," ","bfld@bigpond.net.au","88762902074","","Bernie","Davey"
"B & F Gartshore","Concreting","Mordialloc","VIC","3195","0408 657 073","bfadmin@gartshore.com.au ","49076098918",""," ",""
"BG Pest Control","Pest Control","Aspendale","VIC","3195","0400 958 747","info@bgpestcontrol.com.au","89168140770","","Brad and Mel","Martin"
"Axis Aluminium","Windows","Braeside","VIC","3195","0413 053 847","axisaluminium@gmail.com","55435729468",""," ",""
"Big Cabinets","Cabinet Making","Braeside","VIC","3195","0430 480 852","bigcabinetmaker@gmail.com","44902016935","","Carlos","Suarez"
"BJ North Electrics","Electricians","Aspendale","VIC","3195","0420 979 308","bjnorth85@hotmail.com","16383580441","","Benjamin","North"
"Blackmont Electrics Pty Ltd","Electricians","1/350 Lower Dandenong RD, Mordialloc","VIC","3195"," ","blackmont@bigpond.com","77005403583",""," ",""
"Boon Electrical Pty Ltd","Electricians","31A Boundary RD, Mordialloc","VIC","3195","0409 795 309","mark@boonelec.com.au","62735258612",""," ",""
"Boon Ley Designs Studio","Drafting","31A Boundary RD, Mordialloc","VIC","3195"," ","bhley@iinet.net.au","20632376548","","Boon","Ley"
"Bozan Group Carpentry","Carpenters","waterways","VIC","3195","0466 098 978","bobby.bozan@hotmail.com","75601078438",""," ",""
"Bradley Cross","Air Conditioning","25 Robert ST, Parkdale","VIC","3195","0407 874 561","bcross2@bigpond.com","63151317801",""," ",""
"Braeside Steel (Geometric Engineering)","Steel","Braeside","VIC","3195"," ","sales@braesidesteel.com","78908152476",""," ",""
"Brick And Mortar Masonry","Bricklaying","PARKDALE","VIC","3195","0431 528 715","brickandmortarmasonry@outlook.com","82798685973","","Zain bin","rahim"
"Bruno Plumbing","Plumbers","Mordialloc","VIC","3195","0415 880 874","bruno@brunoplumbing.com.au","91281166785","","Gennj","Bruno"
"Bruno Transport Pty Ltd","Excavation","Mordialloc","VIC","3195","0411 711 188","brunotransport@optusnet.com.au","41008032255","","David","Spiniello"
"Build 24/7","Complete Bathroom Renovation","Mordialloc","VIC","3195","0418 211 011","protec8@bigpond.net.au","63610827971",""," ",""
"Bunnage Building","Building","23 Station ST, Aspendale","VIC","3195"," ","mel@bunnagebuilding.com.au","79325585927",""," ",""
"Byrne Electrical services","Data Cabling","Hastings","VIC","3195","0421 938 697","seannyb13@gmail.com","16903157473",""," ",""
"CBC FLoors","Carpet Repair & Laying","Braeside","VIC","3195","0414 898 951","cbcfloors@mail.com","13576399804","","Chris","Ball"
"Ccz plumbing","Plumbers","ASPENDALE","VIC","3195","0434 495 037","cannings1990@hotmail.com","41728089936","","Chris","Cannings"
"Cellarack Wine Racks","Shopfitters","280 Lower Dandenong RD, Mordialloc","VIC","3195"," ","sales@cellarack.com","25027984017","","Neil","Williamson"
"Celltec Air Conditioning P/L","Air Conditioning","280 Lower Dandenong RD, Mordialloc","VIC","3195"," ","celltecaircon@bigpond.com","47091807439","","Celltec Air Conditioning Pty","L"
"Chris' Painting services","Painters","Parkdale","VIC","3195"," ","c56vosdog@outlook.com","17394746830","","Chris","Vosdoganes"
"CLB Plumbing","Plumbers","Parkdale","VIC","3195","0403 737 092","clbplumbing@hotmail.com","91653891882",""," ",""
"CL Design Architects","Architecture","waterways","VIC","3195","0429 227 567","carloslay@outlook.com","25904559672",""," ",""
"Climate Zone VIC Pty Ltd","Suppliers","Parkdale","VIC","3195","0418 556 866","climatezone@bigpond.com","22121022240",""," ",""
"concreate melbourne","Floor Sanding & Polishing","ASPENDALE","VIC","3195","0434 907 801","mick.graham@concreatemelbourne.com.au","65465986405",""," ",""
"Contex Constructions","Timber Flooring","Dandenong","VIC","3195","0421 455 290","contexconstructions@gmail.com","52714561436",""," ",""
"Cool Control TM","Air Conditioning","Parkdale","VIC","3195","0415 700 065","quotes@coolcontrol.com.au","59161248782",""," ",""
"Craig's General Maintenance","Handyman","Aspendale","VIC","3195","0417 517 060","","31262624298","","Craig","Nevill"
"Crown Worldwide Movers","Furniture Removal","Braeside","VIC","3195"," ","ythompson@crownww.com","72002681156","","Yularne","Thompson"
"Damer Builders","Building","Parkdale","VIC","3195"," ","damer@damer.com.au","82074870054",""," ",""
"Damian Bonello Electrics","Electricians","Parkdale","VIC","3195","0427 058 538","d.bonello@bigpond.com","42162697823",""," ",""
"David's Decking","Decking","Parkdale","VIC","3195","0419 119 551","david.auslender@jimsmowing.net","47499393165",""," ",""
"David's Decking","Landscaping & Gardening","MORDIALLOC","VIC","3195","0419 119 551","davidaus72@yahoo.com","98891739298",""," ",""
"Dez's Garden Maintenance & Landscaping","Garden Maintenance","Aspendale Gardens","VIC","3195","0422 329 443","dez987@bigpond.com","41049653290",""," ",""
"Dimitri Tasou","Electricians","Mordialloc","VIC","3195","0413 684 020","djtork4@y7mail.com","90113110265",""," ",""
"DNY Electrical","Lighting","Mordialloc","VIC","3195","0403 513 348","daniel@dnyelectrical.com.au","60544028241",""," ",""
"Dover Beach","Commercial","Parkdale","VIC","3195"," ","timstone@bigpond.net.au","38096781636","","Tim","Stone"
"Dutt Earthworks","Excavation","Aspen Vale gardens","VIC","3195","0423 243 792","sahowals@hotmail.com","83827025566","","Prith","Dutt"
"Dutton Electrical","Electricians","Aspen Vale gardens","VIC","3195","0408 951 787","duttonelect@westnet.com.au","54080255170",""," ",""
"Dynamic Fitout Group","Joinery","BRAESIDE","VIC","3195","0419 750 097","leigh@dynamic-group.com.au","28609953862","","Leigh","Tomas"
"Dynamic Roof Plumbing","Gutter Cleaning","ASPENDALE","VIC","3195","0432 679 255","jordon.c.herbert@hotmail.com","61190271270",""," ",""
"East Star Shutters","Blinds","Mordialloc","VIC","3195","0426 266 148","es.shutters@gmail.com","75289207622",""," ",""
"Eco Home Electrical","Electricians","BRAESIDE","VIC","3195","0431 863 307","info@ecolightup.com.au","75603674979",""," ",""
"Electrodry Carpet Dry Cleaning Melbourne","Carpet & Upholstery Cleaning","36-38 Mills RD, Braeside","VIC","3195"," ","melbourne@edry.com.au","23001267054",""," ",""
"Elevation 7","Building Consultants","Parkdale","VIC","3195","0413 010 145","mark@elevation7.com.au","39108811285",""," ",""
"Ellwood Air-conditioning","Air Conditioning","PARKDALE","VIC","3195","0456 111 141","sam@ellwoodairconditioning.com","72624311628","","Sam","Ellwood"
"Elsnartico Wood","Fencing","Parkdale","VIC","3195"," ","mattsnart@gmail.com","57245604053","","Matthew","Snart"
"Engineered Demolition Pty Ltd","Demolition","ASPENDALE","VIC","3195","0408 997 935","jamesstewartmunroeclark@gmail.com","64633376388",""," ",""
"Enliven Homes Pty. Ltd","Building","Mordiallic","VIC","3195","0414 564 215","richard@enlivenhomes.com.au","55101174207","","Richard","Naudi"
"Expedite Electrical","Lighting","Aspendale","VIC","3195","0418 666 725","mark@expediteelectrical.com.au","69212753525",""," ",""
"FICO Australia Pty Ltd","Inspections - Building","Braeside","VIC","3195"," ","admin@ficoaustralia.com.au","85064848380",""," ",""
"Ficovic Concreting","Concreting","Braeside","VIC","3195","0418 633 648","jficovic@hn.ozemail.com.au","81076611706","","John","Ficovic"
"Fire Solutions","Inspections - Building","U 2/ 11-13 Lakewood BLV, Braeside","VIC","3195"," ","michelle@firesolutions.net.au","53160102956","","Michelle","Jeffery"
"First Impressions Fencing & Gates","Fencing","Mordialloc","VIC","3195","0422 959 154","firstimpressions4@bigpond.com","62194179891",""," ",""
"First Impressions Last","","Mordialloc","VIC","3195","0433 420 103","filcleaning@optusnet.com.au","18844716959","","Grahame","Macdonald"
"Fitzroy Shop Fitting & Building Pty Ltd","Shopfitters","63-65 Lakewood BLV, Braeside","VIC","3195"," ","admin.fitzshop@bigpond.com","45006877747",""," ",""
"Focus On Plumbing","Plumbers","Aspendale","VIC","3195","0402 512 691","info@focusonplumbing.com.au","67258905324","","Chris","Richards"
"Garage Door & Gate Solutions","Garage Doors","Braeside","VIC","3195"," ","admin@garagedoorsolutions.com.au","28074771887",""," ",""
"Gardenworld","Garden Maintenance","810 Springvale RD, Braeside","VIC","3195"," ","","88064289925",""," ",""
"Gary's Plumbing","Plumbers","Mordialloc","VIC","3195","0418 331 742","garylegriffon@outlook.com","57006079929","","Gary Le","Griffon"
"GD Houseworx","Handyman","watErwayS","VIC","3195","0491 111 158","info@gdhouseworx.com.au","35242389058","","Grant","Dziurek"
"Get Smart Plumbing & Maintenance","Handyman","Parkdale","VIC","3195","0416 926 936","gsplumbinginfo@gmail.com","40446091062","","Steve","Xenos"
"Good Will Plumbing","Plumbers","ASPENDALE","VIC","3195","0418 888 219","mollicaw@hotmail.com","92955901980","","william","mollica"
"Graelec Pty Ltd","Electricians","Parkdale","VIC","3195","0412 135 595","kris-gray@hotmail.com","58605980925",""," ",""
"GREEN DREAMS GARDENING & MAinteNANCE","Garden Maintenance","Aspendale","VIC","3195","0431 872 867","greendreamsgardening@yahoo.com","78579486180",""," ",""
"Green Sky Australia","Air Conditioning","Braeside","VIC","3195","0431 591 318","keith@greenskyaustralia.com.au","29134045980",""," ",""
"Haven Building Solutions","Timber Flooring","Parkdale","VIC","3195","0402 851 678","dwriley85@gmail.com","95679767615","","Daniel","Riley"
"Hyde Plumbing","Plumbers","Mordialloc","VIC","3195","0411 848 110","nick@hydeplumb.com.au","84600451938",""," ",""
"Hydro Pressure Blasting","Pressure Cleaning","Aspendale","VIC","3195","0417 179 593","is979758@bigpond.net.au","93865576799",""," ",""
"Ian Carmichael Landscapes","Landscaping & Gardening","Aspendale","VIC","3195","0413 829 862","ianc7au@yahoo.com.au","63594477376","","Ian","Carmichael"
"Ikaros enterprises","Security","ASPENDALE GARDENS","VIC","3195","1300 330 243","constantine@ikaros.com.au,anthony@ikaros.com.au","11463218063",""," ",""
"Inspiration Painting and Coating","Painters","Parkdale","VIC","3195","0409 825 725","inspiration.coating@gmail.com","16230324590",""," ",""
"JB Carpentry","Handyman","Parkdale","VIC","3195","0434 211 773","johnbalatli@gmail.com","67355102010",""," ",""
"J Belle Air services","Air Conditioning","Fory, 5/6 Walker ST, Breaside","VIC","3195","0413 884 290","jbelle1@live.com.au","20613282618",""," ",""
"JC Southern Carpentry","Handyman","Parkdale","VIC","3195","0407 596 305","james@jcsoutherncarpentry.com.au","47381090677","","James",""
"JetBlack Painting","Painters","MORDIALLOC","VIC","3195","0432 077 782","jimmy.demirci@outlook.com","50548669474","","Jimmy",""
"Jezzas plumbing~***","Plumbers","MORDIALLOC","VIC","3195","0414 518 321","jezzasrepairlab@gmail.com","81932365776","","Jason","Gelsi"
"JNS Carpentry","Carpenters","Mordialloc","VIC","3195","0427 518 175","joshschmitz1@hotmail.com","86369413493","","Josh","Schmitz"
"Kingston Electrical services","Electricians","Braeside","VIC","3195","0413 753 925","peter@kingstonelectrics.com.au","71699680029",""," ",""
"KRM Shopfitting & Building","Shopfitters","Braeside","VIC","3195","0408 312 465","kyal@krmshopfitting.com.au","62439258724","","Kyal","Marsh"
"Lambco Painting","Handyman","9 SIXTH ST, Parkdale","VIC","3195","0400 916 121","lambco@optusnet.com.au","38597524538",""," ",""
"Larkin Electrical & Data","Electricians","35 Barkly ST, Mordialloc","VIC","3195"," ","kevin@larkinelectrical.com","47739374414",""," ",""
"Larkin Electrical and Data","Electricians","8 Lamana ST, Mordialloc","VIC","3195"," ","kevin@larkinelectrical.com","47739374414",""," ",""
"L.D.M Engineering","Building Supplies","Braeside","VIC","3195"," ","ldm@ldmengineering.com.au","34227947288",""," ",""
"LHM Carpentry","Carpenters","Mordialloc","VIC","3195","0419 261 362","lhmcarpentry@gmail.com","65275198416","","Lachlan","Morrison"
"Life & Soul interiors","Interior Designer","Parkdale","VIC","3195","0404 775 857","louise@lifeandsoulinteriors.com.au","28937559377",""," ",""
"LILLY PILLY CONSTRUCTIONS","Fencing","Mordialloc","VIC","3195","0423 385 669","info.lillypillyconstructions@gmail.com","69484653672","","Bruno","Krause"
"Liquid Landscaping","Landscaping & Gardening","Mordialloc","VIC","3195","0425 878 634","shane@liquidlandscaping.com.au","51113522277","","Shane","Long"
"Longbeach Plumbing","","Aspendale Gardens","VIC","3195","0412 260 474","longbeachplumbing@bigpond.com","11005771880","","Stewart","Dunn"
"Longbeach Clean & Seal","Pressure Cleaning","Aspendale Gardens","VIC","3195","0430 375 008","chris.thorne.aust@gmail.com","43559960929","","Chris","Thorne"
"Mandaville interior Design","Interior Designer","Aspendale Gardens","VIC","3195","0414 666 368","mandavilledesign@hotmail.com","69199110636",""," ",""
"Maxibond","Cladding","Fory, 4/1-7 Canterbury RD, Braeside","VIC","3195","0404 021 912","blelekov@gmail.com","99134303405",""," ",""
"MBD Home Improvements","Decking Oil","Parkdale","VIC","3195","0452 394 087","mbdimprovements@gmail.com","46238827473",""," ",""
"Mega Roofing P/L","Roof Repairs","Mordialloc","VIC","3195"," ","megaroofing@gmail.com","34126295118",""," ",""
"Mega Roofing Systems","","Mordialloc","VIC","3195","0417 032 102","megaroofsys@hotmail.com","39104617030",""," ",""
"MELBOURNE GARDENS PTY LTD","Garden Maintenance","Mordialloc","VIC","3195","0433 301 785","peter@melbgardens.com.au","66823617032","","Peter","Swenson"
"Melbourne Outdoor Blinds","Awnings","9/35-45 Canterbury RD, Braeside","VIC","3195","0422 042 001","con@melbourneoutdoorblinds.com.au","11041494743","","Con","Manoussios"
"Melbourne Painting & Repairs","Handyman","Parkdale","VIC","3195","0416 770 674","jake@melbpr.com.au","65482953432","","Jake","Ghahremani"
"Metro Drain Solutions","Drains","Mordialloc","VIC","3195","0423 333 938","darrencahillplumbing@gmail.com","59416286414","","Darren","Cahill"
"Mike Handyman","Handyman","PARKDALE","VIC","3195","0418 322 381","mike@flavell.com.au","91532976740",""," ",""
"Millennium bricklaying","Bricklaying","PARKDALE","VIC","3195","0408 060 300","ashley.millennium@gmail.com","46889918795",""," ",""
"MK Mobile Locksmiths","Locksmiths","Parkdale","VIC","3195","0413 422 652","mkmobilelocksmiths@outlook.com","23416864727","","Michael","Kellett"
"Moodie Building Group","Building","PARK DALE","VIC","3195","0400 812 095","nick@moodiebuildinggroup.com.au","56775066758",""," ",""
"Moodoo Mowing","Garden Maintenance","PARK DALE","VIC","3195","0430 311 146","","67078859215",""," ",""
"Moorabbin Bin Hire","Rubbish Removal","Braeside","VIC","3195"," ","pa@resourcerecoveryvictoria.com.au","67101916232",""," ",""
"Moro Constructions","Carpenters","Aspendale","VIC","3195","0416 974 197","adammoro91@gmail.com","79545104988","","Adam","Moro"
"MT Electrical","Electricians","Parkdale","VIC","3195","0448 148 380","marcustelectrical@gmail.com","54696776961","","Marcus","Tulimowski"
"Multitude Electrical services","Electricians","Parkdale","VIC","3195","0430 243 801","hrichardson@multitudeelec.com","42265096117",""," ",""
"My Estimator Pty Ltd","Quantity Surveyors","Parkdale","VIC","3195","0421 581 622","tony@myestimator.com.au","63155358928",""," ",""
"MyEzy Handyman","Handyman","Parkdale","VIC","3195","0413 612 049","redbillycart@hotmail.com","95308733857",""," ",""
"New Gen Building and Construction","Building","Mordialloc","VIC","3195","0402 283 184","d.stasiak@live.com","30904697675","","Daniel","Stasiak"
"Nik flooring","Timber Flooring","MORDIALLOC","VIC","3195","0478 726 038","nikflooring@gmail.com","95933180543",""," ",""
"No-Bull Cleaning Specialist","Cleaning","Mordialloc","VIC","3195","0410 737 667","jasonhatton18@yahoo.com.au","42067092670",""," ",""
"Norman Landscaping","Landscaping & Gardening","Aspen dale gardens","VIC","3195","0421 732 624","normanlandscapingconstruction@gmail.com","27817574041","","Paul","Norman"
"Norman's fencing","Fencing","Aspen dale gardens","VIC","3195","0412 885 223","normansfencing@gmail.com","91810573357",""," ",""
"No Worries Blinds","Blinds","Aspendale","VIC","3195"," ","info@noworriesblinds.com.au","76385118830",""," ",""
"No Worries Turf","Lawn & Turf","Mordialloc","VIC","3195"," ","info@noworriesturf.com.au","76385118830",""," ",""
"Outright Plumbing","Plumbers","BRAESIDE","VIC","3195","0411 841 298","maintenance@outrightplumbing.com.au","38631568799","","Sarah","Rayner"
"Paramount Concreting","Driveways","Mordialloc","VIC","3195","0404 927 368","cstewart2308@gmail.com","53954610465",""," ",""
"Paul Arthur Air Conditioning","Suppliers","PARKDALE","VIC","3195","0434 485 762","paulandrewozz@gmail.com","49926507060","","Paul","Arthur"
"Perennial Landscaping","Landscaping & Gardening","41 Stuart AVE, PARKDALE","VIC","3195","0422 145 072","","72768140364","","Shaun","Diggeden"
"Peter Wain Plumbing","Plumbers","25 Woodlands DRV, Braeside","VIC","3195","0418 536 358","pwain@peterwainplumbing.com.ua","49072468261",""," ",""
"Prime Innovation Plumbing","Plumbers","Mordialloc","VIC","3195","0409 801 638","brent@primeinnovation.com.au","80151959429",""," ",""
"Proscope Painters Pty Ltd","Painters","Mordilloc","VIC","3195","0449 949 918","contact@proscopepainters.com.au","15623410668","","Rez",""
"Pumpco","Water Pumps","1/356 Lower Dandenong RD, Braeside","VIC","3195"," ","pumpco@live.com.au","76814828733",""," ",""
"Pumpin' Crete Pty Ltd","Handyman","1/356 Lower Dandenong RD, Braeside","VIC","3195"," ","kerrimb@aapt.net.au","68536453443","","Clayton","Bootle"
"Pumping Bricks Nq Pty Ltd","Handyman","1/356 Lower Dandenong RD, Braeside","VIC","3195"," ","roy@pumpingbricks.com.au","99121169319",""," ",""
"Quality Tiling","Tilers","Parkdale","VIC","3195","0411 720 660","oksana_olbinskaia@hotmail.com","44129978816",""," ",""
"Radius Technology","Solar Power Accessories","Braeside","VIC","3195"," ","info@radiustech.com.au","32151830796",""," ",""
"R A M Floors","Floor Sanding & Polishing","PO Box 448, Braeside","VIC","3195","0409 143 423","ramfloors@gmail.com","46409099760","","Robert","Mesic"
"Regal Stonemason","Kitchen","2 Hall ST, Braeside","VIC","3195"," ","van@regalstonemason.com.au","30169541459",""," ",""
"Regal Tiling","","2 Hall ST, Braeside","VIC","3195","0400 740 722","grantjames4@bigpond.com","34394593843",""," ",""
"Remedial Masonry Pty Ltd","Handyman","Mordialloc","VIC","3195","0401 606 351","remedialmasonry@gmail.com","57834058609","","Alistair",""
"Riverstone Pavers","Paving Supply","297-301 Boundary RD, Mordialloc","VIC","3195"," ","sales@riverstonepavers.com.au","79069753788",""," ",""
"RJL Prestige Builders","Building","Mordialloc","VIC","3195","0413 054 590","rjlprestigebuilders@gmail.com","93093722475","","Ramond","Liebelt"
"Rolls Shutters","Roller Doors","Braeside","VIC","3195","0468 410 111","leighrolls@bigpond.com","31354081302",""," ",""
"Air Compressor Hire service","Equipment Hire","63 - 67 Tarnard DRV, Braeside","VIC","3195"," ","remittance@sccompressor.com.au","67292402415",""," ",""
"SC Garden services","Garden Maintenance","Aspendale Gardens","VIC","3195"," ","sc_gardens@bigpond.com","51345332036",""," ",""
"Seavern Cabinets","Cabinet Making","Braeside","VIC","3195","0428 525 193","julian.mcdonald@seavern.com","98004577931","","Julian","Mcdonald"
"Secured Electrical Solutions","Security","Parkdale","VIC","3195","0411 728 390","contact@securedelectrical.com.au","19628072695",""," ",""
"SEREN CABINETS & SHOPFITTING PTY LTD","Cabinet Making","Braeside","VIC","3195","0402 832 384","serencabinets@gmail.com","20623060328",""," ",""
"Shaun's Carpentry services","Carpenters","Ashtondale","VIC","3195","0413 729 007","shaunblackmur@hotmail.com","39807661223",""," ",""
"Sheroy Mowing","Garden Maintenance","Parkdale","VIC","3195","0405 936 599","sheroymowing@gmail.com","23623329828",""," ",""
"Smart Garage Doors","Garage Doors","Parkdale","VIC","3195"," ","brettfrankland@bigpond.com","24202509744","","Brett","Frankland"
"South East Plastics","Building Supplies","Braeside","VIC","3195","0405 332 532","sales@seplastics.com.au","98890443018",""," ",""
"SouthEast Plumbing","Plumbers","Park Dale","VIC","3195","0499 053 999","jesse@seplumb.com","25736814779",""," ",""
"Southern Lifts","Lifts","2/226 Governor RD, Braeside","VIC","3195","(03) 9580 5800","info@southernlifts.com.au","93100621574","","Collin","Stannard"
"Split System Maintenance","Air Conditioning","Mordialloc","VIC","3195","0411 621 182","chris@splitmaintenance.com.au","53142645485",""," ",""
"S&R electrical & Air Conditioning","Electricians","BRAESIDE","VIC","3195","0412 830 991","steve@srelectrical.com.au","22072771085","","Steve","Gent"
"Sunwire","Solar Power","Braeside","VIC","3195","0402 904 704","craig@sunwire.com.au","49617617177",""," ",""
"Surface interiors","Wardrobes","15 Phoenix CRT, Braeside","VIC","3195"," ","info@surfaceinteriors.com.au","46644785309",""," ",""
"Switchline Electrics","Lighting","Parkdale","VIC","3195","0408 354 586","lvitiritti@bigpond.com.au","13452241346",""," ",""
"Swm Project Decorating","Painters","Parkdale","VIC","3195","0418 131 756","swmpro@bigpond.net.au","87181545596",""," ",""
"Tall Grass Landscapes","Landscaping & Gardening","2/12 Crown AVE, MORDIALLOC","VIC","3195","0416 389 969","tallgrasslandscapes@hotmail.com","82152276947",""," ",""
"TAXIBOX Mobile Self-Storage","Storage","112 Boundary RD, Braeside","VIC","3195","1300 876 087","info@taxibox.com.au","96611074705","","TAXIBOX","Team"
"Taylor'd Plumbing services","Plumbers","Aspendale","VIC","3195"," ","taylordplumbingservices@gmail.com","29266951169",""," ",""
"Taylor Inspections","Inspections","Parkdale","VIC","3195","0459 210 990","charles@taylorinspections.com.au","92658110211","","Charles","Taylor"
"TD Landscapes","Lawn & Turf","Unit 6, 13-17 Crawford ST, Braeside","VIC","3195","0421 742 747","troy@tdlandscapes.com.au","35602099221","","Troy","Driscoll"
"The Complete Landscape Company","Landscaping & Gardening","mordialloc","VIC","3195","0400 836 833","ianmccurdy@bigpond.com","17605705271","","Ian",""
"The complete Outdoor renovation Specialists.","Garden Maintenance","mordialloc","VIC","3195","0402 051 154","thegardenmakers@iprimus.com.au","29533951874",""," ",""
"The Patch Dr.","Plastering & Gyprock","Mordialloc","VIC","3195","0422 782 198","info@thepatchdr.com.au","67011538683",""," ",""
"TJB ELECTRICAL servicES","Electricians","Mordialloc","VIC","3195","0499 777 826","tim@tjbelectrical.com.au","18899587456",""," ",""
"TM Carpentry services","Fencing","aspendale","VIC","3195","0405 135 560","thomas_monaghan18@hotmail.com","29466248154","","Thomas","Monaghan"
"Too Hot Climate Systems","Air Conditioning","3/13 Braeside Drive, 3/13 Braeside DRV, Braeside","VIC","3195","0447 966 981","sam@toohotclimatesystems.com.au","54165604508","","Sam","Eastick"
"Top Green Land Australia Pty Ltd","Landscaping & Gardening","Aspenvale Gardens","VIC","3195","0413 919 016","fengjun616@qq.com","36165053627",""," ",""
"Tor Electrical","Electricians","ASPENDALE","VIC","3195","0420 535 527","jamie@torelectrical.com.au","86881515803","","jamie","holmes"
"Trade Solutions VIC Pty Ltd","Plumbers","ASPENDALE","VIC","3195","0468 928 136","tradesolutionsvic@gmail.com","15601949740",""," ",""
"Transcorp Removals & Storage","Small Move","Braeside","VIC","3195"," ","lee-anne@transcorpaustralia.com.au","97822949072","","Lee-anne","Robinson"
"Trusted Pest Solutions","Pest Control","Aspendale Gardens","VIC","3195","0402 947 798","trustedpestsolutions@gmail.com","67245696556","","Steve","Atkins"
"Tsiavis Builders P/L","Building","Aspendale Gardens","VIC","3195","0418 997 456","tsiavist@bigpond.net.au","67094621842",""," ",""
"TT Home services","Home Cleaners","Parkdale","VIC","3195","0402 032 455","doug@tthomeservices.com.au","30097139172",""," ",""
"Urbanite Furniture","Furniture - Custom Design","Braeside","VIC","3195","0438 388 291","info@urbanitefurniture.com.au","29151110164",""," ",""
"Urban Lawns","Handyman","Aspen Dale Garden","VIC","3195","0413 837 215","urbanlawns@optusnet.com.au","41393568814",""," ",""
"Urban Turf Pty Ltd","Lawn Mowing","Braeside","VIC","3195","0402 260 264","info@urbanturf.com.au","60144540410",""," ",""
"Windmill Landscapes","Carpenters","Mordialloc","VIC","3195","0406 567 823","navarrejanse@gmail.com","52425500197",""," ",""
"Wines Bricklaying","Bricklaying","Mordialloc","VIC","3195"," ","stuwy_09@hotmail.com","41853768688","","Stuart","Wines"
"X & N Planning","","Aspendale Gardens","VIC","3195","0433 103 086","xnplanning@gmail.com","64113322390","","Ersi","Ni"
"Youdell Brick and Block","Bricklaying","Parkdale","VIC","3195","0426 126 138","youdellbrickandblock@gmail.com","26342202645","","Lukas","Youdell"
"Zeph Kilmas","Handyman","MORDIALLOC","VIC","3195","0413 070 129","zephklimas77@gmail.com","11809883721","","Zeph","Klimas"
