"business_trading_name","category","suburb","state","post_code","phone_number","email","ABN","logo","first_name","last_name"
"ABDEC Building Surveyors","Building Surveyors","Richmond","VIC","3121","0419 105 747","lambros@abdec.com.au","94081596849",""," ",""
"Airtech Mechanical, heating and cooling specialists","Gas Fitters","Richmond","VIC","3121","0425 853 873","isaacktua@gmail.com","78506416042","","Isaac","Tua"
"alsoCAN Architects","Architecture","1/52 Burnley ST, Richmond","VIC","3121"," ","also@alsocan.com.au","61735038109",""," ",""
"AM Carpentry","Decking","Richmond","VIC","3121","0400 423 953","ashleydmould@gmail.com","37348915429","","Ashley","Mould"
"APP Painting Solutions Pty Ltd","Painters","Richmond","VIC","3121"," ","alexs@apppainting.com","74153485879",""," ",""
"Atticus & Milo","Architecture","6 Albert ST, Richmond","VIC","3121"," ","lcernetic@atticusmilo.com.au","20069757973",""," ",""
"Australian Hardwood Flooring & Decking Co. Pty Ltd","Timber Flooring","Richmond","VIC","3121","0433 823 004","will@australianhwfloors.com","82166141653",""," ",""
"BCG Constructions","Building","Richmond","VIC","3121"," ","info@bcgcon.com.au","78076354393","","Brendan","Gonzales"
"Blackmilk interior Design","Interior Designer","Richmond","VIC","3121"," ","emily@blackmilk.com.au","15110357456",""," ",""
"BM Electrical Group","Electricians","Melbourne","VIC","3121","0447 212 100","brenden@bmelectricalgroup.com","83624739822",""," ",""
"Bright Light Power Electrical Pty Ltd","Electricians","109 Hoddle ST, Richmond","VIC","3121","0433 914 411","blpelectrics@gmail.com","17603387051",""," ",""
"Cabinet Decor","Cabinet Making","Richmond","VIC","3121","0417 286 967","asher@cabinetdecor.com.au","47672961493",""," ",""
"Chalmers Le Fevre Pty Ltd","Interior Designer","Collingwood","VIC","3121"," ","info@chalmerslefevre.com","96113595449",""," ",""
"Chalupa's Painting Company","Painters","Collingwood","VIC","3121","0417 406 467","jan.chalupa@hotmail.com","86373181845","","Jan","Chalupa"
"Christopher Elliott Design","Interior Designer","Richmond","VIC","3121"," ","info@christopherelliottdesign.com.au","33131218650",""," ",""
"Cinatl Constructions","Decking","Richmond","VIC","3121","0438 086 317","bennycinatl@hotmail.com","23899861270","","Benjamin Charles","Cinatl"
"Class Cleaning services","Cleaning","27 Kent ST, Richmond North","VIC","3121","0412 182 037","jim@classcleaning.com","92341086086","","Jim","Latrou"
"Class One Window Tinting","Window Tinting","27 Kent ST, Richmond North","VIC","3121","0412 571 528","classoneauf@hotmail.com","37847209944",""," ",""
"Crowbuild","Building","Richmond","VIC","3121","0488 182 111","scottcrow@me.com","61138279259",""," ",""
"Davidov Partners","Architecture","Richmond","VIC","3121"," ","robert@davidov.com.au","30152415159",""," ",""
"Design Edge Associates","Drafting","Suite 6, 84 Church ST, Richmond","VIC","3121","0419 314 952","designedge@optusnet.com.au","56054942317","","Mario","Maugeri"
"D.F. Brown & Son Pty Ltd","Plumbers","Richmond","VIC","3121","0408 656 555","eli.bro@bigpond.com","99142948696","","David","Brown"
"DWH Aitken and Associates Pty Ltd","Drafting","Richmond","VIC","3121","0418 352 325","grant@aitkenandassociates.com.au","98006969062",""," ",""
"Eastwing Carpentry","Renovations","Richmond","VIC","3121","0429 926 135","eastwingcarpentry@gmail.com","25950689151",""," ",""
"Eckersley Stafford Design","Landscaping & Gardening","RICHMOND","VIC","3121"," ","enquiries@eckersleystafford.com.au","85091685737",""," ",""
"Ecko Constructions","Doors","RICHMOND","VIC","3121"," ","simonhockaday40@gmail.com","97851092641","","Simon","Hockaday"
"Electrifiable","Electricians","Richmond","VIC","3121","0402 377 917","info@electrifiable.com.au","84835463956","","Christopher",""
"Excape Group","Landscaping & Gardening","Richmond","VIC","3121","0497 662 302","arthur@excape-group.com","20625518278","","Arthur","Ville"
"Gallant Painting","Painters","Richmond South","VIC","3121","0418 900 737","edward@gallantpainting.com.au","35849013438","","EdWard","Clark"
"Gallant Plumbing","Plumbers","Richmond South","VIC","3121","0418 900 737","onlineleads@gallantplumbing.com.au","35849013438",""," ",""
"Gavin Kennedy Bricklaying","Bricklaying","Richmond","VIC","3121","0414 048 582","gavinkennedy5@gmail.com","38123409581","","Gavin","Kennedy"
"Good As Gold Construction & Consulting Pty Ltd","Commercial","Richmonde East","VIC","3121","0419 362 122","mark@gagcon.com.au","27075326215",""," ",""
"H2Q ARCHITECTURE & DESIGN","Architecture","36 Kelso ST, Cremorne","VIC","3121","0403 179 126","haris@h2qdesign.com.au","89934256789",""," ",""
"Her Property Collective","Interior Designer","Richmond","VIC","3121","0407 540 490","susan.t2123@gmail.com","58603085963",""," ",""
"Hooke Architecture","Building Designer","Richmond","VIC","3121"," ","mail@hookearch.com.au","78079166724",""," ",""
"HORECA FITOUT PTY LTD","Shopfitters","North Sunshine","VIC","3121","0404 660 577","horecainteriorfitout@gmail.com","38630582517",""," ",""
"House Presto","Building Consultants","Cremorne","VIC","3121","0412 340 000","adam@housepresto.com.au","25601490493",""," ",""
"Indesign Blinds","Blinds","71 Balmain ST, Richmond","VIC","3121","0414 958 437","info@indesignblinds.com.au","82149587780","","Stan","Gorodyshcher"
"Inge Jabara Landscapes","Garden Maintenance","12-14 Gordon ST, Cremorne","VIC","3121","0433 399 321","inge@ingejabaralandscapes.com.au","49675804926","","Inge","Jabara"
"Instep Tiling","Tilers","Richmond","VIC","3121","0402 986 878","mathijsdickson@yahoo.com.au","95693030933","","Mathijs","Dickson"
"Jack Hudson","Furniture Removal","Cremorne","VIC","3121","0432 434 540","jack.hudson@live.com.au","14346767870",""," ",""
"Jack's Fencing","Fencing","RICHMOND","VIC","3121","0450 706 243","jack.eastick@gmail.com","19770146938",""," ",""
"J.J. Armstrong Pty Ltd","Building","315/91 Murphy ST, Richmond","VIC","3121"," ","john@jjarmstrong.com.au","19567066908",""," ",""
"JMCM Group","Electricians","466 Ridge RD, Richmond","VIC","3121","0422 624 887","john.allan@jmcmgroup.com.au","88602161802","","John","Allan"
"JRA Construction Co","Builder","Richmond","VIC","3121","0409 344 130","julesjra@aapt.net.au","16097401986",""," ",""
"K 2 Unlimited Painting Solutions","Wallpapering","Richmond","VIC","3121","0406 733 145","peterk@k2ups.com","61606230764",""," ",""
"K&K Industries","Shopfitters","633 Church ST, Richmond","VIC","3121"," ","admin@kandkindustries.com.au","99084738803",""," ",""
"Kavellaris Urban Designs","Architecture","Cremorne","VIC","3121","0411 424 559","enquiries@kud.com.au","21090088001",""," ",""
"Keith Long Associates Pty Ltd","Engineering - Structural","Richmond","VIC","3121","(03) 9525 4124","mail@keithlongandassociates.com.au","69465037524",""," ",""
"Keith Lovell Contractors","Concreting","Richmond","VIC","3121","0400 035 774","ytangikennels@bigpond.com","58072855875",""," ",""
"Krneta Building Surveyors","Building Certifiers","Level 2, 13 Cremorne ST, Cremorne","VIC","3121"," ","nathan@krneta.com.au","26608461310","","Nathan","Krneta"
"Kroeger Building","Building","Level 2, 13 Cremorne ST, Cremorne","VIC","3121","0418 992 060","kroeger.building@bigpond.com","96094980241","","Oliver","Kroeger"
"Le Parqueteur","Timber Flooring","221 SWan ST, Richmond","VIC","3121"," ","leparq1@optusnet.com.au","68606762366",""," ",""
"Le Room","Homewares","221 SWan ST, Richmond","VIC","3121","0409 674 537","leroom@bigpond.com","97838166990",""," ",""
"LE’S BUSY BEE CLEANING servicES","Rubbish Removal","RICHMOND","VIC","3121","0434 385 909","kenelos@yahoo.com.au","96805863278","","Linus","Kenelo"
"Malbac Pty Ltd","Building","Richmond","VIC","3121"," ","malbac@bigpond.com.au","52060271203",""," ",""
"Man With A Hernia Pty Ltd","Furniture Removal","5-7 Rooney ST, Richmond","VIC","3121"," ","move@manwithahernia.com.au","82148938970",""," ",""
"Mark Douglass Design","Glass Suppliers","Richmond","VIC","3121","0414 294 921","info@markdouglassdesign.com","32151324471",""," ",""
"MC2 - Architecture | Construction | Sustainability","Extensions & Additions","19d William ST, Cremorne","VIC","3121","0433 122 332","justin@mc2.net.au","89823643519","","Justin","Giannikos"
"McGuigan Concreting","Concrete Resurfacing","Richmond","VIC","3121","0411 631 128","michaelmcguigan@bigpond.com","18002101526","","Michael","McGuigan"
"McPhee Bricklaying","Bricklaying","Richmond","VIC","3121","0416 922 172","djmcphee76@gmail.com","13775372486","","David","John"
"Melbourne Art Hanging","Picture & Mirror Hanging","Richmond","VIC","3121","0424 285 572","olonergan97@gmail.com","11501856585","","Oliver","Lonergan"
"Melbourne Asbestos Removal & Demolition","Demolition","Richmond","VIC","3121","0412 338 150","bennettcampi@optusnet.com.au","74113181301","","Martin","Campi"
"Melbourne Awning Centre Pty Ltd","Awnings","101 Murphy ST, Richmond","VIC","3121"," ","jessica@melbourneawningcentre.com.au","38014280425",""," ",""
"Melbourne's Best Cleaning Solution","Carpet & Upholstery Cleaning","Richmond","VIC","3121","0411 056 882","info@melbournesbestcleaningsolutions.com.au","27126491549",""," ",""
"Melbourne Suburban Property Maintenance","Interior","26 Domain RD, Cremorne","VIC","3121","0414 699 009","info@painttime.com.au","61212012690","","Hoss",""
"Metropolitan extensions","Building","Prahran","VIC","3121","0425 824 492","info@metropolitanextensions.com.au","11158085986","","Dale","Westerman"
"MK Build PTY LTD","Building","RICHMOND","VIC","3121","0402 458 066","mshiferson@hotmail.com","39616763501",""," ",""
"NEWLANDS & KNIGHTS (VIC) PTY LTD","General Maintenance","71 Bridge RD, Richmond","VIC","3121","0408 609 592","newlandsplumbing@bigpond.com","34439850331","","David","Newlands"
"Newlands Plumbing Pty Ltd","Plumbers","Richmond","VIC","3121","0408 609 592","newlands.plumbing@bigpond.com","94169509773",""," ",""
"NHP Electrical Engineering Products Pty Ltd","Solar Power Accessories","43-67 River ST, Richmond","VIC","3121"," ","kchetcuti@nhp.com.au","84004304812","","Kane","Chetcuti"
"Nixon Tulloch Fortey Architecture Pty Ltd","Architecture","19B William ST, Cremorne","VIC","3121"," ","melb@ntfarchitecture.com.au","16327610440",""," ",""
"Padarc Pty Ltd","Architecture","1/25 Garfield ST, Richmond","VIC","3121"," ","build@padarc.com.au","43127947639",""," ",""
"Patricks Windows","Window Cleaning","Richmond","VIC","3121","0411 164 096","smith.patrick@live.com.au","46296181499",""," ",""
"Pats Your Plumber","Plumbers","Richmond","VIC","3121","0426 502 140","info@patsyourplumber.com.au","32388710243","","Patrick","Wraith"
"PBM Group Pty Ltd","Building","Richmond","VIC","3121","0407 863 841","pbmgroup@bigpond.com","43615564399",""," ",""
"Poly Studio","Architecture","Richmond","VIC","3121"," ","info@polystudio.com.au","44130790215","","Daniel","Wolkenberg"
"Principle Constructions","Building","Cremorne","VIC","3121"," ","peter@principle.net.au","30077554619",""," ",""
"ProVolt Electrical","Electricians","Richmond","VIC","3121","0411 061 892","brett@provoltelectrical.com.au","74570653759","","Brett",""
"PURE PLUMBING (AUST) PTY LTD","Plumbers","RICHMOND","VIC","3121","0439 755 614","joolzsuth@gmail.com","96563025354",""," ",""
"Rami Saaristo Carpentry","Renovations","Richmond","VIC","3121","0405 728 026","rami.saaristo@gmail.com","26258379417",""," ",""
"RBI Architects","Extensions","1/30 Cubitt ST, Cremorme","VIC","3121"," ","rbi@rbiarchitects.com.au","26006623614","","Robert","Blair"
"Remote Openers","Door Suppliers","Burnley North","VIC","3121","0434 999 000","info@remoteopeners.com.au","11604829272",""," ",""
"Rentabox","Furniture Removal","117 Burnley ST, RICHMOND","VIC","3121"," ","terry@rentabox.com.au","39293155788",""," ",""
"REY RENDERING","Rendering","Richmond","VIC","3121","0481 823 561","info@reyrendering.com.au","34496516872",""," ",""
"RFT Solutions","Drafting","270 Church ST, Richmond","VIC","3121"," ","mcaleo@rftsolutions.com.au","94005255872","","Michael","Caleo"
"Richmond Plumbing & Roofing Pty Ltd","Plumbers","Richmond","VIC","3121","0418 397 667","richmondplumbing@bigpond.com","91090781356",""," ",""
"R.R Tiling","Tilers","Richmond","VIC","3121","0404 297 564","ryanrasdale1@live.co.uk","74682447314","","Ryan","Rasdale"
"Roger Lawton Rugs Of Distinction","Rugs","83 Green ST, RICHMOND","VIC","3121"," ","rogerlawton@rugsofdistinction.com.au","97105193691",""," ",""
"SBA Painting services","Painters","Richmond","VIC","3121","0406 032 152","sbaservices@y7mail.com","94730540392","","Simon","Armstrong"
"Simtech Building & Electrical Solutions","Electricians","Richmond","VIC","3121","0473 528 888","office@simtechbes.com.au","89929584343","","Simon","Chung"
"sole trader","Plumbers","Richmond","VIC","3121","0417 545 492","borgercallum@gmail.com","91522847873","","Callum","Borger"
"Solid Builders Pty Ltd","Building","Richmond","VIC","3121"," ","antony@solidbuilders.com.au","45416063072","","antony","Cross"
"Spantik Painting","Painters","14 Lennox Richmond, 14 Lennox ST, Richmond","VIC","3121","0469 688 392","spantik.painting@yahoo.com","69639578252",""," ",""
"Spinzi Design","Interior Designer","Richmond","VIC","3121","0404 562 698","info@spinzi.com","20600097201",""," ",""
"Spiral Plumbing pty ltd","Plumbers","Richmond","VIC","3121"," ","spiralplumbing@gmail.com","36161812817","","Peter","Pucher"
"Spiti.com Pty Ltd","Tile Suppliers","Richmond","VIC","3121","0400 110 139","ev@spiti.com.au","28618587652",""," ",""
"Stone Doctor Australia","Stonemasonry","278 Burnley ST, Richmond","VIC","3121","0458 607 420","simon@stonedoctor.com.au","27907315631","","Simon","Gabriel"
"Supernova Plumbing","Plumbers","RICHMOND","VIC","3121","0418 540 882","mitch@supernovaplumbing.com.au","47245827799","","Mitchell","Saillard"
"T-A Square","Extensions & Additions","Richmond","VIC","3121","0433 967 509","tim@tasquare.com","87540381850",""," ",""
"T D & C Pty Ltd","Engineering - Structural","Burnley","VIC","3121","0412 136 290","robert@tdceng.com.au","30546499669",""," ",""
"Tim Phillipps","Garden Maintenance","Reservoir","VIC","3121","0474 164 824","timphillipps@me.com","95897412952","","Tim","Phillipps"
"Tony Hampton Architects","Extensions","Cremorne","VIC","3121","0408 964 658","tony@thapl.com.au","18355239430",""," ",""
"TPT Plumbing","Plumbers","Richmond","VIC","3121","0401 210 766","info@tptplumbing.com.au","98566470298","","Troy","Taliana"
"Truesource - Building Solutions","Interior Designer","Richmond","VIC","3121"," ","nancye@truesource.com.au","71161040580",""," ",""
"TW Hooker services","Bathroom","Richmond","VIC","3121","0409 418 896","tomhooker49@yahoo.com","25122521806","","Tom","Hooker"
"Two Mates Of Mine","Handyman","BURNLEY","VIC","3121","0401 058 058","twomatesofmine@outlook.com","83901908301","","Andi","Knittelfelder"
"Urban Space Electrical","Electricians","Burnley","VIC","3121","0412 444 810","urbanspaceelectrical@gmail.com","53110207480",""," ",""
"Venture Plumbing","Plumbers","Richmond","VIC","3121","0412 575 092","ventureplumbing1@gmail.com","51395781649",""," ",""
"Vic City Plumbing","Plumbers","Cremorne","VIC","3121","0409 401 628","viccityplumb@gmail.com","53696395204","","Michael","Treppo"
"vicremovals.com.au","Furniture Removal","Richmond","VIC","3121","0430 171 431","info@vicremovals.com.au","98159611019",""," ",""
"waddell Landscapes","Landscaping & Gardening","1 utopia PL,","burnley","3121","0403 672 578","robshipages@hotmail.com","66316730960",""," ",""
"waddell Landscapes","Landscaping & Gardening","BURNLEY","VIC","3121","0403 672 578","robshipages@hotmail.com","66316730960","","Rob","waddell"
"Will Plumb and Roof","Plumbers","150 Burnley St, 150 Burnley ST, Richmond","VIC","3121"," ","zac@willplumbandroof.com.au","56314337386",""," ",""
"Will Robertson","Garden Maintenance","150 Burnley St, 150 Burnley ST, Richmond","VIC","3121","0428 594 658","","20608720402",""," ",""
"Will Schuur & Associates P/L","Building Consultants","150 Burnley St, 150 Burnley ST, Richmond","VIC","3121","0419 303 351","will@willschuur.com","15059843097","","call Will - FAST TRACK","BUILDIN"
"Wilson & Daughter","Electricians","Richmond","VIC","3121","0418 375 601","wiland@bigpond.net.au","59175642137",""," ",""
"Wonder Wives","Home Cleaners","Richmond","VIC","3121","0407 233 249","wonderwivesmelb@gmail.com","22778665404",""," ",""
"WPC Electrical Solutions","Electricians","Richmond","VIC","3121","0417 111 080","wpcelectrical@gmail.com","52732176344","","Wesley","Clapperton"
"Yarra Projects","Handyman","Richmond","VIC","3121"," ","michaelktan@yahoo.com.au","70173960664",""," ",""
"Yarra Ranges Electrical","Lighting","RICHMOND","VIC","3121","0421 283 606","yarrarangeselec@gmail.com","80171081030",""," ",""
"Yarra Ranges Gas Heat & Cool","Air Conditioning","RICHMOND","VIC","3121","0417 035 516","gsbuller@tpg.com.au","16004323531",""," ",""
"Zeekay Carpet Cleaning services","Carpet & Upholstery Cleaning","Richmond","VIC","3121","0451 667 589","fazeelatshah@yahoo.com","50977858942","","Fazeela","Shah"
