"business_trading_name","category","suburb","state","post_code","phone_number","email","ABN","logo","first_name","last_name"
"A2Z Painting & Decorating Pty Ltd","Painters","Melbourne","VIC","3004","0411 882 462","a2zpaintingdecorating@gmail.com","39892724723",""," ",""
"Avor Architecture & Construction","Architecture","Melbourne","VIC","3004","0408 995 472","oliver@avor.com.au","51493400209","","Oliver","Mackie"
"Blossom Time","Landscaping & Gardening","Melbourne","VIC","3004","0404 077 711","markgray007@yahoo.co.uk","51097606258","","Mark","Gray"
"Bruce Allen Architect Pty Ltd","Architecture","8/34 Queens RD, Melbourne","VIC","3004"," ","bruce@bruceallenarchitect.com","47165396323",""," ",""
"Butlers Driveways","Handyman","Melbourne","VIC","3004","0439 382 767","troybutler98@gmail.com","45290975242","","Troy","Butler"
"Buzz Around Cleaning","Window Cleaning","Melbourne","VIC","3004","1800 670 000","admin@buzzcleaning.com","37819503414",""," ",""
"Classique Design Cabinets","Cabinet Making","12/5-7 Paul CRT, Dandenong","VIC","3004"," ","sales@classiquedesigncabinets.com.au","70099813469",""," ",""
"Cleanse Cleaning Company","Cleaning","Melbourne","VIC","3004","0414 395 523","jmdarg@hotmail.com","82136796460",""," ",""
"Comer King","Lighting","33 Queens RD, Melbourne","VIC","3004","0408 551 776","mail@comerandking.com","73313745763",""," ",""
"darko kolosov","Cabinet Making","Melbourne","VIC","3004"," ","kolosd@icloud.com","32717626683",""," ",""
"Dedece Design Centre","Interior Designer","Melbourne","VIC","3004","(02) 9360 2722","john@dedece.com","51001440946",""," ",""
"E & O Property services","Garden Maintenance","Melbourne","VIC","3004","0425 764 318","eopropertyservices@gmail.com","29123618477",""," ",""
"Era Architects","Building Designer","Level 9, 3 Bowen CRS, Melbourne","VIC","3004"," ","office@era-architects.com.au","40081061494",""," ",""
"EVERY studio","Architecture","576 St Kilda RD, Melbourne","VIC","3004"," ","hello@everystudio.net","87112243730","","Alessia","Pegoli"
"Finney Construction","Building","Melbourne","VIC","3004"," ","admin@finneyconstruction.com.au","87830514454",""," ",""
"Finney Electrical","Electricians","Melbourne","VIC","3004","0408 429 224","mark@sceas.com.au","57656884831",""," ",""
"Finnform Constructions Pty Ltd","Concreting","Melbourne","VIC","3004","0419 781 630","","78821605521",""," ",""
"Genesis-World","Building Consultants","Melbourne","VIC","3004","0431 171 171","dew.genesisworld@gmail.com","73130607706",""," ",""
"Guymer Lynnch","Building","Level 10, 492 St Kilda RD, Melbourne","VIC","3004"," ","jackie.r@guymerlynnch.com.au","67145256551",""," ",""
"Imperial Timber","Floating Timber Floor Installation","Melbourne","VIC","3004","0433 557 745","sales@imperialtimber.com.au","72611243013",""," ",""
"Jenson Electrical","Lighting","MELBOURNE","VIC","3004","0478 736 468","yuan@jensonelectrical.com.au","93408234399",""," ",""
"JS Gardening & Property Maintenance","Lawn Mowing","Melbourne","VIC","3004","0401 484 025","steve@jsgardening.com.au","46894800310",""," ",""
"Krave Cleaning","Cleaning","Melbourne","VIC","3004","0477 246 504","admin@kravecleaning.com.au","19390667894",""," ",""
"Lighting Energy Conservation Australia","Solar Power Accessories","Melbourne","VIC","3004"," ","info@lecaustralia.com.au","91165715202","","Aaron","."
"Richard Mabin & Associates Pty Ltd","Architecture","23/37-39 Albert RD, Melbourne","VIC","3004","0412 316 166","richardmabin@mabin.com.au","39005953435","","Richard","Mabin"
"Melbourne Civil & Structural Engineers","Engineering - Structural","St Kilda Road Towers, Level 1, Number1, 1 Queens RD, Melbourne","VIC","3004","0468 499 007","admin@mcsengineers.com.au","28165946681","","Adam","Abdalla"
"Paint Melbourne Pty Ltd","Plastering & Gyprock","Melbourne","VIC","3004","0415 113 094","info@paintmelbourne.com","45150120853",""," ",""
"Parallel Paving and Landscaping","Landscaping & Gardening","Melbourne","VIC","3004","0411 860 785","garryhickey@optusnet.com.au","33660876603",""," ",""
"PARMIS TELECOM PTY. LTD.","Antenna Services","MELBOURNE","VIC","3004","0426 600 057","jason.kowsar@gmail.com","32618522848","","Jason","KowSar"
"Sun Run Solar","Solar Power","Melbourne","VIC","3004"," ","yaz@smartquotesaustralia.com","79622194325","","Ayyaz","Yunus"
"Renovate Australia","Kitchen Renovations","Melbourne","VIC","3004","1300 888 552","sacha@renovateaustralia.com.au","42682820898","","Sacha","Caller"
"Seeed","Architecture","Melbourne","VIC","3004"," ","admin@seeed.com.au","85905985158",""," ",""
"Spot Free Cleaning","Cleaning","St Kilda West","VIC","3004","0424 511 684","workworship44@gmail.com","77575119988","","Ronie","Khanna"
"St architects","Architecture","Melbourne","VIC","3004","0401 299 975","thian@st-architects.com.au","96163845814",""," ",""
"Strata Property services","Tilers","Level 14, 380 St Kilda RD, Melbourne","VIC","3004","0422 932 279","ben@stratapropertyservices.com.au","58712013089",""," ",""
"STUDIOMint","Interior Designer","Level 12/600 St Kilda RD, Melbourne","VIC","3004"," ","ifrolov@studiomint.com.au","37878413553",""," ",""
"STUDIOMint PTY LTD","Interior Designer","Melbourne","VIC","3004"," ","ilya@studiomint.com.au","84139320942",""," ",""
"The Shower Screen Factory","Flyscreens","Melbourne","VIC","3004","0408 320 429","theshowerscreenfactory@hotmail.com","56114783966",""," ",""
"TIVRA PTY LTD","Building Consultants","MELBOURNE","VIC","3004","(03) 8840 9098","info@tivra.com.au","62627969662",""," ",""
"UBT Security Pty Ltd","Security","Melbourne","VIC","3004","0422 834 877","info@ubtsecurity.com.au","90620668340",""," ",""
"Vivid Blinds","Blinds","Melbourne","VIC","3004"," ","dean@vividblinds.com.au","91615806794",""," ",""
"Vivid Civil Structural Engineers","Building","Melbourne","VIC","3004"," ","geoff@vividcivil.com","79347237730",""," ",""
