"business_trading_name","category","suburb","state","post_code","phone_number","email","ABN","logo","first_name","last_name"
"A Access Excavation","Excavation","25-27 Valentino DRV, Croydon","VIC","3136","0418 353 238","","75078698174",""," ",""
"Ace Plumbing & Gas Pty Ltd","Electricians","Croydon","VIC","3136"," ","admin@aceplus.com.au","52050543103",""," ",""
"A Cheaper Bobcat 12m Tipper And Auger Hire","Equipment Hire","8 Chablis CRCLE, Croydon","VIC","3136","0408 058 462","conlon68@hotmail.com","42115105792",""," ",""
"Adonai Steel Fabrications","Gates","Croydon","VIC","3136","0406 776 186","adonaifabrication@gmail.com","76858332921","","Alex","EdWards"
"Adoni Construction","Concreting","Croydon","VIC","3136","0412 760 874","soto@adoniconstruction.com.au","22085310247","","Soto","Karamihas"
"Advanced Showerscreens VIC","Shower Screens","Ringwood","VIC","3136","0408 516 084","adv.showerscreen@gmail.com","42634497805","","Phillip","Hoskin"
"AHANDYBLOKE Mowing & Home Maintenance","Handyman","Henty CRT, Croydon","VIC","3136","0427 888 460","ian_ritchie@netspace.com.au","57727644320","","Ian","Ritchie"
"Ahern Carpentry","Decking","CROYDON","VIC","3136","0439 477 864","toby@aherncarpentry.com.au","21629222840",""," ",""
"Aire Craft","Repairs & Maintenance","Croydon Hills","VIC","3136","0401 082 416","service@airecraftac.com","76302477861",""," ",""
"Air technology","Suppliers","Croydon","VIC","3136","0423 709 242","ajit_ultimate@hotmail.com","95036972377",""," ",""
"A & J Bond Electrical services","Electricians","Croydon Hills","VIC","3136","0412 755 882","abond7@bigpond.com","40434472373",""," ",""
"Ash Hards Carpentry","Handyman","Croydon","VIC","3136","0401 823 837","ash_hards@ymail.com","64302974640",""," ",""
"AK LANDSCAPES","Landscaping & Gardening","CROYDON NORTH","VIC","3136","0433 016 644","aklandscapes@outlook.com.au","61664554523","","Alex","Konig"
"Allied plastering services","Plastering & Gyprock","CROYDON","VIC","3136","0400 584 385","allied.plastering@bigpond.com","19783407233","","James","Mcevitt"
"All-In Climate Control and Plumbing services PTY LTD","Gas Fitters","CROYDON","VIC","3136","0418 890 034","admin@allinclimatecontrol.com","87613862776",""," ",""
"All Property Maintenance Eastern Suburbs","Handyman","Croydon","VIC","3136","0403 685 594","gary.large66@gmail.com","44735808370","","Gary","Large"
"All Yarra Roofing","Roof Repairs","CROYDON","VIC","3136","0488 298 578","allyarra@hotmail.com","42213690833","","Corey","Milner"
"Amberleigh Excavations","Equipment Hire","Croydon","VIC","3136","0418 170 129","amberleighexcavations@yahoo.com","73487990976",""," ",""
"AMG Quality Constructions","Carpenters","Croydon South","VIC","3136","0432 170 146","amgqualityconstructions@gmail.com","86567267376",""," ",""
"Any Rubbish Removal","Rubbish Removal","Croydon South","VIC","3136","0409 068 178","omumford93@gmail.com","64422402363","","Ollie",""
"APMG Painting services PTY LTD.","Painters","Croydon","VIC","3136","0450 904 461","apmgpainting@gmail.com","91609738285",""," ",""
"Aqua Smart Plumbing","Plumbers","Croydon","VIC","3136","0412 229 345","ianroxburgh7@gmail.com","29507291847",""," ",""
"Aquavic","Pool Accessories","Croydon","VIC","3136","0401 691 984","aquavic@optusnet.com.au","23093121076","","John","Horwood"
"Aquaview Pool Fencing","","Croydon","VIC","3136","0413 456 505","info@aquaviewpoolfencing.com.au","70289753264",""," ",""
"A & R Appliance Repairs","Hot Water Systems","1 Kinta CRT, Croydon North","VIC","3136"," ","rosssl@bigpond.com","53358818269","","Ross","Sloan"
"Ardent Concreting","Handyman","Croydon","VIC","3136","0412 378 908","ardent68@optusnet.com.au","90750902165","","Andrew","Maud"
"Aurora Building Contractors Pty Ltd","Plastering & Gyprock","Croydon Hills","VIC","3136"," ","aurobuild@hotmail.com","93006476106",""," ",""
"Ausplumb","Plumbers","PO Box 364, Croydon","VIC","3136","0417 310 007","info@ausplumber.com.au","65457018506",""," ",""
"Australian Caulking Solutions","Waterproofing","Croydon","VIC","3136","0490 963 718","australiancaulkingsolutions@gmail.com ","57179081610",""," ",""
"Victorian Vinyl Concepts","Vinyl & Laminate","Warehouse 7, 88 Merrindale DRV, Croydon South","VIC","3136"," ","info@victorianvinylconcepts.com.au","50591571038",""," ",""
"Austyle Landscapes","Landscaping & Gardening","Croydon","VIC","3136","0407 876 949","info@austylelandscapes.com.au","31945780335","","Rob","Williams"
"AWG Plumbing & Gas Fitting","Plumbers","Croydon","VIC","3136","0419 244 080","asgerrish@hotmail.com","50908260577","","antony","Gerrish"
"Axial Building Pty Ltd","Building","Croydon south","VIC","3136","0419 326 112","axialbuilding@bigpond.com","23169850864","","Adrian","Barker"
"Bab Rubbish Removal","Rubbish Removal","Croydon","VIC","3136","0490 202 426","elika_0061@yahoo.com","34952411516","","Zak","Bab"
"BARICON CONSTRUCTIONS PTY LTD","Building","Croydon Hills","VIC","3136","0409 234 845","quotes@baricon.com.au","76169902041","","Michael","Button"
"Ben Clad /Alucobond cladding Aluminum composite panel","Cladding","Croydon","VIC","3136","0477 641 252","info@benclad.com","56404852241","","Ben","Benson"
"Ben Davis Painting","Painters","Croydon South","VIC","3136","0451 818 404","bendavis8484@gmail.com","53255151505","","Benjamin","Davis"
"Ben Hayes Carpentry","Renovations","Croydon Hills","VIC","3136","0413 559 151","benoshoutshello@hotmail.com","19217949558","","Ben","Hayes"
"BKM Australia","Handyman","Croydon North","VIC","3136","0408 658 011","bkmaustralia@yahoo.com.au","17460919709","","Ben","Milsome"
"BLC Electrics","Electricians","Croydon","VIC","3136"," ","blcelectrics@bigpond.com","15097294641","","Matt","O'Regan"
"BMM Landscapes","Garden Maintenance","Millgrove","VIC","3136","0407 866 785","BMM1@outlook.com.au","77558643482",""," ",""
"BRADCRETE CONCRETING","Concrete Resurfacing","Croydon","VIC","3136","0448 951 972","brad.sherwell@hotmail.com","84478254685","","Brad","Sherwell"
"Bradcrete Concreting","Driveways","Croydon South","VIC","3136","0448 951 972","brad.sherwell@hotmail.com","84478254685","","Bradley","Sherwell"
"Brendan's Fences","Handyman","Croydon South","VIC","3136","0425 710 926","brendan.mitchell@hotmail.com","72771099245","","Brendan","Mitchell"
"BrettALectrical","Electricians","Croydon Hills","VIC","3136","0419 019 446","bj.armstrong81@gmail.com","98436911501","","Brett","Armstrong"
"Brickcraft","Bricklaying","Croydon","VIC","3136","0418 533 693","wade1960@hotmail.com","46583898586","","wade","Wilson"
"Bridgebuilt","Building","Croydon","VIC","3136","0414 437 074","bridgebuilt7@bigpond.com","38277310381",""," ",""
"Bruce Garden Maintenance","Garden Maintenance","Croydon","VIC","3136","0416 501 703","nosredna62@hotmail.com","35060904401",""," ",""
"Bruces' Glass","Glass & Glazing","Croydon","VIC","3136","0418 521 076","bruce.ross@live.com","41028395185",""," ",""
"B & T Lucas Plumbing Pty Ltd","Plumbers","Croydon South","VIC","3136","0411 878 112","btlucasplumbing@gmail.com","53602360985","","Brian","Lucas"
"Cal's Gardening & Maintenance services","Garden Maintenance","Croydon","VIC","3136","0406 992 844","callan.mauger@gmail.com","80043321501",""," ",""
"Cambrian Floors Pty. Ltd.","Timber Flooring","Croydon","VIC","3136","0412 050 300","cambrianfloors@optusnet.com.au","96077139029","","Martin","Hughes"
"Camscape Landscape & Earthworks","Lawn & Turf","CROYDON","VIC","3136","0424 736 129","camscape98@gmail.com","39182528840",""," ",""
"Captain Electric","Electricians","13 Farnley ST, Croydon","VIC","3136"," ","sarah@captainelectric.com.au","11536232629",""," ",""
"Carpet 60$ for 30 SQM)","Cleaning","Croydon","VIC","3136","0403 143 371","nelson.batu91@gmail.com","50905992793",""," ",""
"CaulKing","Caulking","Croydon","VIC","3136","0413 419 220","callejamarcel@gmail.com","43217460248",""," ",""
"Chapman & Co. Technologies","Home Theatre","Croydon","VIC","3136","0427 810 880","steve@chapmanandco.com.au","96247580568","","Steven","Chapman"
"Chateau Plastering","Plastering & Gyprock","Croydon North","VIC","3136","0488 709 900","chateauplastering@gmail.com","73391786380",""," ",""
"Chatfield Property Maintenance Pty Ltd","Garden Maintenance","Croydon North","VIC","3136","0421 335 758","chatfieldpm@gmail.com","41129387373","","Kelly","Chatfield"
"Chatfields Carpentry","Carpenters","Croydon North","VIC","3136","0401 712 585","dbworldtrip@hotmail.com","96967125298",""," ",""
"CJL Carpentry","Carpenters","Croydon","VIC","3136","0401 977 575","cjlcarpentry@live.com.au","22612779978",""," ",""
"Australis Total Pool Care","Pool Maintenance","Croydon","VIC","3136","0411 463 607","australis@cleanpool.com.au","81114310904",""," ",""
"CNS Locksmiths","Locksmiths","Croydon","VIC","3136","0414 226 515","cnslocksmiths@gmail.com","77652749881",""," ",""
"Complete Carpentry Company","Fencing","CROYDON SOUTH","VIC","3136","0412 711 951","compcarpentryco@gmail.com","73632129321","","Timothy","Niezen"
"Concreations","Driveways","Croydon North","VIC","3136","0403 337 451","niceven@bigpond.com","27695084912",""," ",""
"CONCRETE SEALING SYSTEMS (VIC) PTY LTD","Concreting","Croydon","VIC","3136","0408 037 571","patchhroberts85@hotmail.com","43600988449",""," ",""
"Concrete Werx","Concreting","Fory 1, 28-3 Taylors RD, CROYDON","VIC","3136"," ","tony@concretewerx.com.au","49761083486","","Tony","Pelosi"
"Conservatory Construction Co","Building","Croydon North","VIC","3136","0403 176 646","consult@conservatory.net.au","14435660618",""," ",""
"Contec Concrete Pumping","Concreting","Croydon","VIC","3136","0426 241 952","info@contecconcretepumping.com.au","45955368611","","Caleb","Hutchings"
"Contec enterprises Pty Ltd","Concreting","Croydon","VIC","3136","0408 242 393","contecent@yahoo.com","60096690130",""," ",""
"Contract Carpentry","Carpenters","5/298 Maroondah HWY, CROYDON","VIC","3136","0438 702 162","craig@contractcarpentry.com.au","46141622019",""," ",""
"Cotter Painting","Painters","CROYDON","VIC","3136","0412 322 431","michaelcotter04@gmail.com","62983881292","","Michael","Cotter"
"Coy's Constructions","Renovations","Croydon","VIC","3136","0433 312 605","tom@coyscontructions.com.au","25159922255",""," ",""
"CREATIVE PLASTERING AND PAintiNG","Plastering & Gyprock","Croydon","VIC","3136","0438 063 034","matthewratcliffe22@gmail.com","11798270233",""," ",""
"Creative Plastering Group Pty Ltd","Plastering & Gyprock","Croydon","VIC","3136"," ","hanboris@hotmail.com","81151649571",""," ",""
"CS Plumbing","Plumbers","North Croydon","VIC","3136","0407 269 455","cainandkarin@bigpond.com","83482979783","","Cain","Smyth"
"CS Pools Pty Ltd","Pool Builders","North Croydon","VIC","3136","0412 266 442","cspools@iinet.net.au","32094370153",""," ",""
"CT LANDSCAPING PTY LTD","Landscaping & Gardening","CROYDON SOUTH","VIC","3136","0411 566 667","c.tlandscaping.pl@gmail.com","26631727878","","Travis","Lyons"
"DAK services","Handyman","CROYDON","VIC","3136","0423 642 974","dakservices59@gmail.com","71187738768",""," ",""
"Danny Painting Contractors","Painters","Croydon","VIC","3136","0431 948 716","sharpys050@bigpond.com","93128832735",""," ",""
"Data Link Pty Ltd","Antenna Services","Croydon","VIC","3136","0421 085 375","toke.enterprises@gmail.com","70168191731","","Lee","Salty"
"Daviscapes","Landscaping & Gardening","Melbourne","VIC","3136","0400 089 865","ben@daviscapes.com.au","61442057647",""," ",""
"De Vries Builders Pty Ltd","Handyman","Croydon","VIC","3136","0417 324 608","gdv@devriesbuilders.com.au","55004722221",""," ",""
"Diamond Foundations Pty. Ltd.","Re Stumping","90 Sellick DRV, Croydon","VIC","3136","0413 129 839","darren@diamondfoundations.net","78865773827",""," ",""
"Digilan","Electricians","Croydon","VIC","3136","0412 035 891","digilan@live.com.au","20965128539",""," ",""
"Direct Appliance servicing","Appliance Repairs","Croydon North","VIC","3136","0404 893 802","paul@directapplianceservicing.com.au","42093173892","","Paul","Simonson"
"Distincon","Fencing","Croydon South","VIC","3136","0439 349 674","dalevan89@hotmail.com","59600788020","","Dale Van De","Ven"
"Dorset Reblocking","Re Stumping","Croydon","VIC","3136","(07) 9723 1050","billhammen39@gmail.com","65060616391",""," ",""
"D&R Air Conditioning services Pty Ltd","Air Conditioning","Croydon","VIC","3136","0488 440 578","coolingandheatingrepairs@gmail.com","81620320507","","Russell","Aleksic"
"Drake Clarke Hydraulic & Plumbing services","Plumbers","Croydon","VIC","3136"," ","nic@drakeclarke.com","75135087026","","Nic","Drake"
"D R DALGLEISH ELECTRICAL servicES PTY LTD","Electricians","CROYDON HILLS","VIC","3136","0431 250 167","daniel@drdelectrical.com.au","36971628294",""," ",""
"DSS Constructions Pty Ltd","Building","Croydon","VIC","3136","0401 413 691","doug@dssconstructions.com.au","55653942330","","Doug","Shields"
"Duralift Access Hire","Equipment Hire","Croydon South","VIC","3136"," ","admin@duralift.com.au","17277367613",""," ",""
"Eastern Melbourne Electricians","Electricians","Croydon","VIC","3136","1800 851 129","quote@eastmelbelec.com","86260647319","","Daniel","Thompson"
"Eastern Mini Excavations","Excavation","Croydon","VIC","3136","0408 547 485","","88209164911",""," ",""
"E.b. Plumbing service","Plumbers","Croydon","VIC","3136","0418 346 251","lizbrynefowler@hotmail.com","15153824956",""," ",""
"Eagle Eye Inspections","Inspections - Building","Croydon South","VIC","3136"," ","enquiries@eeinspections.com.au","75005979144",""," ",""
"E Elec","Electricians","Croydon","VIC","3136"," ","symont@eelec.com.au","99095579869",""," ",""
"Ejh Developments","Whole Window Replacement","5/205 Dorset RD, Croydon","VIC","3136","0401 166 925","eddie@ejhdevelopments.com.au","50401522412",""," ",""
"Elecsteele","Electricians","Croydon","VIC","3136","0402 983 176","greg@elecsteele.com.au","36805382350",""," ",""
"EveryDayLiving Carpentry","Doors","Croydon South","VIC","3136","0408 875 507","everydayliving51@gmail.com","52490886033","","Luke","Day"
"Expert Landscapes","Garden Maintenance","Croydon","VIC","3136","0417 118 888","dcoote8@bigpond.com","51006783302",""," ",""
"Extreme Sound & Vision","Home Theatre","Melbourne CBD","VIC","3136","0433 841 749","jwgalvin@bigpond.net.au","94108191493",""," ",""
"Family Master Painter","Painters","Croydon","VIC","3136","0400 947 953","familymasterpainter@yahoo.com.au","23315460935",""," ",""
"Floorcure","Timber Floor Sanding","Croydon","VIC","3136","0402 512 868","floorcure@optusnet.com.au","11313945819",""," ",""
"Focal Point Building Solutions","Cabinet Making","Croydon","VIC","3136","0408 556 938","nic@focalpointbuild.com.au","23649176880","","Nic","Clark"
"Franz Electrics","Electricians","276 Maroondah HWY, Croydon","VIC","3136","0418 396 752","mrafranz@yahoo.com.au","53353911446","","Arno","Franz"
"Fullerfield VIC Pty Ltd","Gas Fitters","Croydon North","VIC","3136","0428 882 288","fullerfieldvic@gmail.com","26602125084",""," ",""
"Gav's Gutter Cleaning","Gutter Cleaning","Croydon","VIC","3136","0417 830 358","gav@gavsguttercleaning.com.au","80614781663",""," ",""
"Go Build Renovation","Building","Croydon","VIC","3136","0434 235 333","george@gobuildrenovations.com.au","32843760030",""," ",""
"Gordon Scott Vinyl Flooring","Vinyl & Laminate","Croydon South","VIC","3136","0418 345 481","info@victorianvinylconcepts.com.au","50591571038","","Gordon","Scott"
"Greenstone Landscapes","Landscaping & Gardening","CROYDON","VIC","3136","0425 725 772","marclee700@gmail.com","83345896026","","Marc","Lee"
"Greenworks Landscaping and Property Care","Handyman","Croydon","VIC","3136"," ","cta1969@bigpond.com","54387792282",""," ",""
"Grow Wise Constructions","Cabinet Making","Croydon North","VIC","3136"," ","growwiseconstructions@yahoo.com.au","19263658668",""," ",""
"G & S Gas Appliance service","Gas Fitters","Croydon","VIC","3136","0418 569 240","gandsgasapplianceservice@gmail.com","72489837216",""," ",""
"Gutter Force","Guttering","Croydon North","VIC","3136","0404 730 714","dirk@gutterforce.com.au","79567989131",""," ",""
"Harvest Building Co Pty Ltd","Renovation","Croydon","VIC","3136","0418 993 779","harvestbuilding@bigpond.com","25055977449",""," ",""
"Heathglen Homes Pty Ltd","Plumbers","Croydon","VIC","3136","0433 587 814","plumbing@heathglenhomes.com.au","48914154053","","Eamon",""
"Heuys Plumbing and Airconditioning","Plumbers","Croydon Hills","VIC","3136"," ","heuysplumbing@gmail.com","84850496697",""," ",""
"Highwil Construction","Doors","Croydon","VIC","3136","0433 252 705","admin@highwil.com.au","43604171226","","Zachary","Higgins"
"Hillscapes Landscaping","Landscaping & Gardening","Croydon","VIC","3136","0418 565 869","enquiries@hillscapes.com","73732348121",""," ",""
"Hills Carpentry","Carpenters","Croydon","VIC","3136","0430 706 012","remi@hillscarpentry.com.au","80923605859","","Remi",""
"Hillz Painting Contractors","Painters","croydon north","VIC","3136","0417 444 068","jhpcontractors@hotmail.com","42804699104",""," ",""
"Holcon Homes","Building","Croydon","VIC","3136","0422 135 045","admin@holconhomes.com","84923908634",""," ",""
"Horizon Design and Drafting services","Drafting","Croydon","VIC","3136","0472 775 767","info@horizondd.com.au","72601465141","","Jennifer","Bateman"
"Howzat Tiling","Handyman","Croydon","VIC","3136","0434 020 787","howzattiling@gmail.com","18851971368",""," ",""
"HQ Building services","Timber Flooring","Croydon","VIC","3136","0423 629 339","troy@hqbuildingservices.com.au","76013411395","","Troy","Mackey"
"Hugo Handyman services","Handyman","Croydon","VIC","3136","0459 165 058","hugopereira.au@gmail.com","68314243243",""," ",""
"Infinite Construction Group","Driveways","Croydon North","VIC","3136","0400 593 485","subs.84@outlook.com","49819015545","","Sabatino Di","Giacomo"
"interior Blinds","Blinds","Croydon","VIC","3136","0455 660 111","dan@interior-blinds.com.au","53169223152","","Daniel","White"
"interiors By Jo","Colour Consultancy","Croydon Hills","VIC","3136","0412 765 323","jo@interiorsbyjo.com.au","73986842982","","Jo","Kline"
"Jeanse Constructions","Fencing","Croydon","VIC","3136"," ","jeans_con@hotmail.com","38319485487",""," ",""
"JME Plumbing & Roofing services","Plumbers","Croydon","VIC","3136"," ","jmeplumbing@bigpond.com","71644374622",""," ",""
"John Mason Electrical","Electricians","Crydon","VIC","3136","0423 564 490","annemareejohn@optusnet.com.au","17860130726","","John","Mason"
"John's Post Hole Digging","Excavation","Croydon","VIC","3136","0409 943 454","jackofcroydon@gmail.com","23699220786","","John","Todd"
"Joy Constructions","Handyman","Croydon North","VIC","3136","0417 319 351","antjoy.aj@gmail.com","54662493117",""," ",""
"JPS Plastering","Plastering & Gyprock","Croydon South","VIC","3136","0402 133 083","michael@jpsplastering.com.au","75005979144",""," ",""
"Kez's carpentry services","Renovations","Croydon","VIC","3136","0424 412 107","kerryngordon82@gmail.com","25881855961",""," ",""
"Kirkpatrick Webber Pty Ltd","Surveyors","15 Maroondah HWY, Croydon","VIC","3136"," ","greg@kirkpatrickwebber.com.au","84962510405",""," ",""
"Kirra Cabinets & Timber Products","Kitchen","15 Maroondah HWY, Croydon","VIC","3136","0417 714 448","glennschmith@hotmail.com","91125021822","","Glen","Schmith"
"Kirribilli Homes","Painters","15 Maroondah HWY, Croydon","VIC","3136","0423 566 072","info@kirribillihomes.com.au","94143144165",""," ",""
"KL Excavations","Excavation","Croydon","VIC","3136","0466 211 661","lim211@live.com.au","19639571882","","Kalim","Lui"
"Kwik Bins","Rubbish Removal","Croydon","VIC","3136","0406 662 230","yashar.pas@gmail.com","37622405994","","Josh","Pirani"
"LA Building Group","Landscaping & Gardening","Croydon","VIC","3136","0409 550 620","admin@labuildinggroup.com.au","53614189810","","Luke","Andaloro"
"Lambs Resurfacing","Bath & Basin Resurfacing","3-11 Coolstore RD, Croydon","VIC","3136","0435 749 024","lambsresurfacing@gmail.com","42659831150","","Nathan","Lamb"
"Land Effects Design & Landscaping","Landscaping & Gardening","Croydon Hills","VIC","3136","0427 972 977","jay@landeffectsdesignandlandscaping.com.au","12803134594","","Jay","Francis"
"Landscape Formation","Handyman","Croydon","VIC","3136","0416 575 816","shane@landscapeformation.com.au","54819446568","","Shane","Weedon"
"Landscapes For Living","Concreting","Croydon","VIC","3136","0421 912 383","landscapesfor@gmail.com","46166302692",""," ",""
"Landscapes Unearth","Landscaping & Gardening","Croydon","VIC","3136","0418 864 943","chrisbinstead@bigpond.com","51104899389",""," ",""
"Laser Plumbing Croydon","Plumbers","Croydon","VIC","3136","0418 339 269","t.redfern@laserplumbing.com.au","20054163745",""," ",""
"Lateral Construction & Carpentry","Privacy Screens","croydon hills","VIC","3136","0432 058 513","lateralcc@gmail.com","50671100672","","Jake","Hansen"
"Leveled Constructions","Fencing","Croydon","VIC","3136","0422 071 695","leveledconstructions@gmail.com","58633009793","","Jarrod","Boldt"
"Lewis Designer Builders Pty Ltd","Building","Croydon Hills","VIC","3136","0419 320 252","rob@extensionsunlimited.com.au","93078530051",""," ",""
"Liddos Roofing","Roofing Contractors","Croydon","VIC","3136","0414 940 070","liddosroofing@optusnet.com.au","47120824857",""," ",""
"LightEFX","Skylights","Croydon South","VIC","3136"," ","info@lightefx.com.au","76067143426",""," ",""
"Lion Landscaping & Lawn Solutions","Garden Maintenance","Croydon","VIC","3136","0400 335 921","lionlandscaping@outlook.com","54638788099","","Nathan","Dempsey"
"Luxar Construction","Carpenters","croydon","VIC","3136","0412 713 124","sam_barling@hotmail.com","27301630603","","Sam","Barling"
"LUX Flooring","Timber Flooring","Croydon","VIC","3136","0428 393 059","robertomatteo1989@gmail.com","66795943846","","Robert","Matteo"
"Madden's Garden & Pool Care","Garden Maintenance","7 Lodden CRT, Croydon Hills","VIC","3136","0418 538 124","sgmadden@bigpond.com.au","38589634663",""," ",""
"Maintenance Carpentry","Carpenters","Croydon","VIC","3136","0404 503 146","madmaxin73@gmail.com","11991809316","","Andrew","Haywood"
"Maintenance Cleaning services","Cleaning","Croydon","VIC","3136","0412 996 452","cmauna@optusnet.com.au","34111009511",""," ",""
"Mal's Meticulous Mowing & Maintenance","Handyman","Croydon North","VIC","3136","0412 649 371","mmoyes8@bigpond.com","50877268471","","Malcolm","Moyes"
"Mal's Mini Diggers","Excavation","Croydon North","VIC","3136","0407 846 036","","86053920982",""," ",""
"Mangan Plumbing","Plumbers","North Crodon","VIC","3136","0411 409 370","themangans@optusnet.com.au","18836878935","","Craig","Mangan"
"Mark's Concreting","Concreting","16 Ravenglass CRT, Croydon Hills","VIC","3136"," ","markbirch5@bigpond.com","35382112039",""," ",""
"Maroondah Property Maintenance","Handyman","Croydon","VIC","3136","0422 154 489","mr_garfield@bigpond.com","89115002183",""," ",""
"Master Dan Painter","Painters","CROYDON NORTH","VIC","3136","0470 621 622","mrdanpainter@gmail.com","72543967339",""," ",""
"Matt Setches Electrical","Electricians","Croydon","VIC","3136","0402 481 032","mattandem2@optusnet.com.au","25015987819","","Matthew","Setches"
"MDT Electrical Pty Ltd","Electricians","Croydon","VIC","3136","0422 496 799","mick@mdtelectrical.com.au","19602628900","","Michael","Tucker"
"MDT Landscapes","Landscaping & Gardening","Croydon","VIC","3136","0421 600 483","michael@mdtlandscapes.com.au","92254853120",""," ",""
"Metcalfe Reidy Pty Ltd","Building","Croydon","VIC","3136"," ","admin@metcalfereidy.com","11005359142",""," ",""
"Mick Holden Pest Management","Pest Control","Croydon","VIC","3136","0403 303 144","mhpm2009@hotmail.com","88137400876",""," ",""
"MicroShine Coatings & Rendering","Concrete Resurfacing","Croydon South","VIC","3136","0402 303 703","fantin76@iinet.net.au","50281050232","","Paul","Fantin"
"MJS Plaster","Plastering & Gyprock","Croydon","VIC","3136","0423 709 373","mick.56@live.com","72023962826",""," ",""
"MK Plumbing Pty Ltd","Plumbers","Croydon","VIC","3136"," ","mkplumbing@msn.com","63057653456","","Matthew","Kerr"
"M & M Painting","Painters","20 Plymouth RD, Croydon","VIC","3136","0466 892 719","mandmpaintingservices@gmail.com","12165582098",""," ",""
"MNS Property Maintenance","Handyman","Croydon","VIC","3136","0417 040 170","mnspropertymaintenance@yahoo.com","26920047497","","Matt","Shaddick"
"Morgan Construction and Shop Fitting Pty Ltd","Shopfitters","Croydon North","VIC","3136","0412 375 693","morganconstructions@bigpond.com","38996074389",""," ",""
"Mossman Design Pty Ltd","Bathroom","Croydon","VIC","3136","0408 319 265","relficon@outlook.com","58125123944","","Nathan","Relf"
"Mown and Grown Lawn and Garden Care","Garden Maintenance","Croydon","VIC","3136","0477 937 189","mownandgrowngardens@gmail.com","98434940560",""," ",""
"MS Renovations & Maintenance service","Handyman","CROYDON","VIC","3136","0491 316 496","meisam.solhi@gmail.com","19147986403","","MeiSam","Solhi"
"Naturescape Landscape & Design","Landscape Construction","Croydon Hills","VIC","3136","0400 496 886","naturescapeld@bigpond.com","60409838575",""," ",""
"NIAH Landscapes and Construction","Landscaping & Gardening","Croydon","VIC","3136","0407 325 251","azzaj82@hotmail.com","30253709132","","Aaron","Johnson"
"Nick's Roof Tiling","Roof Materials ","Croydon","VIC","3136","0422 903 522","nicksroofing1@hotmail.com","63234501804",""," ",""
"N P R Building Concept","Renovation","Croydon","VIC","3136","0417 508 404","renee@npr.net.au","36704429204",""," ",""
"Open & Shut Garage Doors","Garages","Croydon North","VIC","3136","0419 009 678","openandshut@bigpond.com","83599845509",""," ",""
"Outereast Mowing & Gardening service","Garden Maintenance","Croydon","VIC","3136","0412 455 273","rossco1359@bigpond.com","95513323134","","Ross","Staddon"
"Painting Elegance","Painters","Croydon","VIC","3136","0438 360 269","paintingellegance@hotmail.com","47798804622","","Lachlan","Woods"
"Painting property services","Handyman","CROYDON NORTH","VIC","3136","0497 227 107","paintingpropertyservices@gmail.com","62973321419",""," ",""
"Parand Painting","Painters","Croydon","VIC","3136","0449 925 519","enam_khosro@yahoo.com","78272113438","","Khosro Notfi","Poor"
"Parkesworx","Handyman","Croydon","VIC","3136","0424 281 769","michael@parkesworx.com","49396793908","","Michael","Parkes"
"Paul Fantin","Sealing","Croydon South","VIC","3136","0402 303 703","fantin76@iinet.net.au","53146236296",""," ",""
"Pebble Set Paving","Concrete Resurfacing","CROYDON SOUTH","VIC","3136","0431 643 413","fantin76@iinet.net.au","50281050232","","Paul","Fantin"
"Albert's Slash & Spray services","Garden Maintenance","Croydon","VIC","3136","0418 391 666","albertslash@optusnet.com.au","84626357698",""," ",""
"Piping Hot Plumbing","Plumbers","Croydon","VIC","3136","0408 146 633","tim@pipinghotplumbing.com.au","89122764640","","Tim","Ward"
"PLC Landscapes & Construction","Landscaping & Gardening","Croydon hill","VIC","3136","0408 763 994","steve@plclandscapes.com.au","26415618426",""," ",""
"Plumb Built","Plumbers","Croydon","VIC","3136","0491 108 622","plumbbuilt@outlook.com","33363712934","","Warren","Bishop"
"Powerful Plumbing","Plumbers","Croydon","VIC","3136","0423 340 302","powerfulplumbing@outlook.com","95941443191","","Patrick","Connell"
"Precise & Co Painting & Decorating","Painters","Croydon South","VIC","3136","0415 314 468","preciseandco@yahoo.com","42966938524","","Adam","Bosch"
"Prime Electrical Solutions","Electricians","Croydon","VIC","3136"," ","info@primees.com.au","30247492457",""," ",""
"Probity Trade services","Plastering & Gyprock","Croydon","VIC","3136","0423 432 765","probitytradeservices@gmail.com","26361828330","","David","Schneider"
"Property & Garden Maintenance","Handyman","Croydon","VIC","3136","0408 032 661","markagambino@gmail.com","56580762263","","Mark","Gambino"
"Protech Painting & Decorator","Painters","Croydon","VIC","3136"," ","","89636439651",""," ",""
"Protech Painting & Decorator","Painters","Croydon","VIC","3136","0417 036 658","protechpainting@live.com.au","89636439651",""," ",""
"Problem Solving Plumbing Pty Ltd","Plumbers","Croydon","VIC","3136","0417 101 920","rohan@psplumbing.com.au","30107863561","","Rohan","Burke"
"PT flooring","Floor Coatings","Croydon","VIC","3136","0409 382 790","ptflooring@bigpond.com","14153338946",""," ",""
"Quest Roofing Pty Ltd","Roofing","Croydon","VIC","3136","0417 561 906","questroofing@optusnet.com.au","64725656152",""," ",""
"Randolph McGrath Building Design","Drafting","Croydon","VIC","3136","0447 331 691","randolph.mcgrath@gmail.com","65349312595","","Randolph","Mcgrath"
"Rapidtex Rendering. Building and construction","Rendering","croydon south","VIC","3136","0415 745 904","brendan@rapidtexrendering.com.au","27869708012",""," ",""
"Realm Electrical Solutions","Electricians","CROYDON NORTH","VIC","3136","0448 948 072","realmelectrical@gmail.com","16930726595",""," ",""
"Redfern Painting","Painters","CROYDON","VIC","3136","0415 314 468","redfernpainting@gmail.com","42966938524","","Adam","Bosch"
"Redferns Mowing","Garden Maintenance","CROYDON","VIC","3136","0407 877 776","jaredfern@bigpond.com","82607616013","","David","Redfern"
"RELIABLE BUILDING & CONSTRUCTION","Carpenters","Croydon North","VIC","3136","0419 108 308","guido6769@hotmail.com","71337217416","","Guido","Vanderwal"
"Reliable Carpet services","Carpet Repair & Laying","Croydon North","VIC","3136","0418 272 130","layerr1@bigpond.com","22510554528",""," ",""
"Resilient Plumbing","Plumbers","Croydon South","VIC","3136","0432 704 268","resilientplumbing@gmail.com","14556493637","","Jerry",""
"Review interiors","Interior Designer","Croydon","VIC","3136","0417 799 864","info@reviewinteriors.com.au","32944107176",""," ",""
"Right Now Plant Hire","Earth Moving","Croydon","VIC","3136","0409 699 579","paulmadams@bigpond.com","68605150849",""," ",""
"Riverbank Landscapes & Irrigation","Lawn & Turf","Croydon`","VIC","3136","0458 765 895","mdtindley@optusnet.com.au","84145062648",""," ",""
"Roof Surgeon","Roof Repairs","Croydon","VIC","3136","0449 623 916","roofsurgeon@yahoo.com.au","92650919624","","Ricky","Hancock"
"Ross Goudie Constructions","Carpenters","CROYDON","VIC","3136"," ","the.goo@optusnet.com.au","87081858826","","Ross","Goudie"
"SD Cleaning service VIC","Cleaning","Croydon South","VIC","3136","0433 735 855","sravan20888@gmail.com","35465978375",""," ",""
"Sea Sun Painting","Painters","Croydon North","VIC","3136"," ","seasunpainting@yahoo.com.au","12277862312",""," ",""
"Seyffer Designs","Landscape Construction","Melbourne","VIC","3136","0447 501 717","james@seyfferdesigns.com.au","25058340295","","James","Seyffer"
"Shane Richards Plastering services","Repairs","Croydon","VIC","3136","0422 091 951","shanerichardsplastering@hotmail.com","39396280237","","Shane","Richards"
"Shape Shifters Excavations","Excavation","Croydon","VIC","3136","0488 446 969","shapeshiftersexcavations@gmail.com","54089596117","","Rodney","Geddes"
"SHARP METAL ROOFING","Wall","Croydon","VIC","3136","0430 453 307","sharproofp@outlook.com","27611506962","","Timothy","Lewis"
"Majestic Bathroom Solutions","Shower Screens","Croyden Hills","VIC","3136","0435 501 591","showerinstalls@bigpond.com","31983257285","","Wayne","Griffiths"
"SJH Constructions","Handyman","Croydon","VIC","3136","0422 171 718","sjhcon89@gmail.com","76276268146","","Sam","Hickey"
"Skills Plastering Pty Ltd","Plastering & Gyprock","Croydon","VIC","3136","0466 539 363","skillsplastering@gmail.com","68601604880",""," ",""
"Skills Unlimited Pty Ltd","Building","Croydon","VIC","3136","0418 323 837","skillsunlimited@bigpond.com","67006914647",""," ",""
"SKIPA CONSTRUCTIONS","Carpenters","Croydon North","VIC","3136","0422 171 718","skipacon@gmail.com","76276268146",""," ",""
"SNK Cleaning","Cleaning","Croydon","VIC","3136","0430 070 652","cleaningsnk@gmail.com","65674760087","","Sou","Lee"
"Snow Turf & Irrigation Landscapes","Irrigation Repairs","Croydon","VIC","3136","0421 225 363","ben-snow@outlook.com","25728745911",""," ",""
"Energy Assist Group","Solar Power","Croydon","VIC","3136"," ","info@solar4you.com.au","66607616713",""," ",""
"Southeast Formwork","Concreting","Croydon South","VIC","3136","0402 299 489","mattlizal@gmail.com","66928489012","","Matt","Lizal"
"Southland Upholstery","Upholstery Repair","Croydon Hills","VIC","3136"," ","southlanduph@bigpond.com","88591358972","","George","Visileski"
"Spec Finishes","Interior","Croydon","VIC","3136","0418 616 457","therestorators@gmail.com","86462289939",""," ",""
"Spec Floors - Polished Concrete Professionals","Floor Sanding & Polishing","Croydon","VIC","3136","0409 462 834","info@specfloors.com.au","35045704086",""," ",""
"Spencer Painting Signwriting","Painters","CROYDON","VIC","3136","0418 177 328","spencerpaintandsign@gmail.com","67108449292",""," ",""
"SS Bricklaying","Brick","Croydon","VIC","3136","0432 743 020","swattbricklaying@outlook.com","59967509602",""," ",""
"Stacey Surveying","Land Surveyors","5 Currong GR, CROYDON","VIC","3136","0400 531 138","ash@staceysurveying.com.au","62899451347",""," ",""
"Stevens Glass","Fencing","375 Maroondah HWY, Croydon North","VIC","3136"," ","kylie@stevensglass.com.au","66006159280",""," ",""
"Stevens M H O","Timber Flooring","375 Maroondah HWY, Croydon North","VIC","3136","0409 129 090","markstevens1@bigpond.com.au","86566518936","","Mark","Stevens"
"Straight up Plumbing and Gas","Plumbers","CROYDON","VIC","3136","0402 364 403","brendo_84@live.com","25817214208","","Brendan","Collins"
"Superior Asphalt Pty Ltd","Asphalt","2 Louisa ST, CROYDON","VIC","3136","0418 539 710","t.lackman@live.com.au","13738327368","","Steve Lackman or Tanya","Lackma"
"Taylored Paving & Landscaping","Landscaping & Gardening","Croydon","VIC","3136","0434 306 103","tayloredpaving@optusnet.com.au","18779553858","","Steven","Taylor"
"TG & JA Stonehouse Painting and Decorating","Painters","Croidon","VIC","3136","0415 337 823","tomthepainter.ts@gmail.com","75260550405","","Tom","Stonehouse"
"Tailored Heating and Cooling Solutions","Air Conditioning","Croydon South","VIC","3136","0421 182 248","info@thacs.com.au","23601025085",""," ",""
"The Fitter","Blinds","16 Biak PL, Croydon North","VIC","3136","0499 093 722","sales@thefitter.com.au","37118126730",""," ",""
"The ScapeCo","Landscaping & Gardening","Croydon Hill","VIC","3136","0430 343 047","beau@thescapeco.com.au","83880785380","","Beau","Christie"
"The Tap & Small Job Specialist","Plumbers","Croydon","VIC","3136","0418 552 024","mandbcloster@gmail.com","85982957617",""," ",""
"The Trustee for Thompson Family Trust","Building","CROYDON HILLS","VIC","3136","0417 434 927","robroys1162@gmail.com","95672232066","","alastair","thompson"
"TOP LEVEL PAVING","Paving","Croydon","VIC","3136","0413 510 191","toplevelpaving@hotmail.com","22786924876",""," ",""
"Topstyle Cabinet Makers","Kitchen Renovations","Croydon","VIC","3136","0412 041 641","sjcarter64@yahoo.com.au","81759872826",""," ",""
"Tyrone Russell Fencing","Timber","Chirnside Park","VIC","3136","0434 175 470","tyronerussell17@hotmail.com ","79903518497","","Tyrone","Russell"
"Ueng","Engineering - Structural","Croydon","VIC","3136","0431 253 961","info@ueng.com.au","97817442519","","Lei","Yi"
"URBAN COLOUR SOLUTIONS","Painters","Croydon","VIC","3136","0414 990 139","jnjpren@bigpond.net.au","36695433652",""," ",""
"VDA Electrical","Electricians","Croydon","VIC","3136","0466 286 717","info@vdaelectrical.com","14849839079",""," ",""
"Veeken Plumbing","Plumbers","Croydon","VIC","3136","0424 661 413","david@veekenplumbing.com.au","21614352028",""," ",""
"Vermont Fencing","Fencing","Croydon","VIC","3136","0418 534 327","smack638@gmail.com","22156535048",""," ",""
"ViewPoint Constructions","Building","Croydon","VIC","3136","0417 243 752","info@viewpointconstructions.com.au","48135424243","","Daniel","Stapleton"
"wasylenko Plumbing","Excavation","Croydon","VIC","3136","0417 131 614","wasylenkoplumbing@hotmail.com","47143201469",""," ",""
"Webby's lawn mowing and property maintenance","Garden Maintenance","CROYDON","VIC","3136","0402 115 962","webbsta_2@hotmail.com","18252030493","","Kyle","Webb"
"Westby Plaster& Paint service","Ceilings","Croydon","VIC","3136","0419 336 584","john.westby@bigpond.com","49350062286","","John","Westby"
"Wooden Floors Melbourne","Timber Flooring","Croydon North","VIC","3136","0423 155 362","patrick@woodenfm.com","52158844261","","Patrick","Wightman"
"Woollarvey Plumbing","Plumbers","Croydon","VIC","3136","0414 441 102","jeff@woollarveyplumbing.com.au","90131683095",""," ",""
"WorryFree Window Cleaning","Window Cleaning","CROYDON SOUTH","VIC","3136","0455 271 153","worryfreewc@gmail.com","72292136601","","Ammon","Mohring"
"Wots OK service","Garages","Croydon South","VIC","3136","0411 553 554","wotsokservice@gmail.com","34592163189","","Zak","Kostov"
"Yarra Homes Pty Ltd","Fencing","Croydon","VIC","3136","0438 006 624","yarrahomes@gmail.com","37629630342",""," ",""
"Yarra Valley Commercial","Joinery","Croydon South","VIC","3136"," ","jcowley@yarravalleycom.com","22664963894",""," ",""
"Yellow and Black Electrical","Electricians","CROYDON NORTH","VIC","3136","0420 215 108","mtgauci@yellowandblackelectrical.com","50638558079","","Matthew","Gauci"
"Yellow Brick Road","Carpet & Upholstery Cleaning","CROYDON NORTH","VIC","3136"," ","clean@yellowbrickroad.com.au","90067079510",""," ",""
"Young's Timber Fencing","Fencing","Croydon","VIC","3136","0458 206 944","young64@gmail.com","56162653589","","Daniel","Young"
