"business_trading_name","category","suburb","state","post_code","phone_number","email","ABN","logo","first_name","last_name"
"A.A.S","Handyman","34 CARRUM ST, MALVERN EAST","VIC","3145"," ","azrielgo1@walla.com","42633271492",""," ",""
"Ablate","Graffiti Protection","Malvern East","VIC","3145","0422 685 688","info@ablate.com.au","84598943168",""," ",""
"Ablate","Pressure Cleaning","Malvern East","VIC","3145","0422 685 688","info@ablate.com.au","84598943168",""," ",""
"ABS'S Bricklaying","Bricklaying","Malvern East","VIC","3145","0432 587 364","abdalla_allagabu@yahoo.com.au","52869879520",""," ",""
"A.E.B. Concrete Pty Ltd","Concreting","Malvern East","VIC","3145","0412 343 060","boin@bigpond.com.au","61516550702",""," ",""
"A.E.F. Plumbing services","Plumbers","Malvern East","VIC","3145","0409 356 005","aefplumbing@bigpond.com","72986180948","","Andrew","Farrugia"
"A.E.G. Solid Plastering","Plastering & Gyprock","Malvern East","VIC","3145","0417 019 266","aegplaster@hotmail.com","64564819922",""," ",""
"A.E Neville Bricklaying","Glass & Glazing","Malvern East","VIC","3145","0400 817 302","anthonyneville1@hotmail.com","58268699652",""," ",""
"Affective Timber Flooring","Floor Sanding & Polishing","Malvern East","VIC","3145","0410 171 088","affectivefloors@gmail.com","61616857688",""," ",""
"Alcocks Maintenance","Furniture Assembly","Malvern East","VIC","3145"," ","george@alcocks.com.au","86074976289",""," ",""
"AMF Coatings","Painters","Malvern East","VIC","3145","0448 393 302","enquire@amfcoatings.com.au","75168450511","","Andrew","Foley"
"ARISTON ELECTRICS P/L","Electricians","East Caulfield","VIC","3145","0408 412 686","stamelec@optusnet.com.au","70129628057",""," ",""
"Atherton Building Group","Carpenters","Malvern","VIC","3145","0418 333 390","billflintoft@gmail.com","86388433762","","Bill","Flintoft"
"Big Builders","Carpenters","MALVERN East","VIC","3145","0430 020 330","ronniepark10@gmail.com","55876890715","","Ronnie","Park"
"W Bremner & Sons","Glass & Glazing","Caulfield East","VIC","3145"," ","bremnerglass@dodo.com.au","66769275250",""," ",""
"Brian watson Surveying Pty Ltd","Surveyors","Malvern East","VIC","3145","0418 368 327","brianw@brianwatsonsurveying.com.au","51618637522",""," ",""
"Builde Permits & Inspections","Building Certifiers","Level 1, 150 waverley RD, Malvern East","VIC","3145"," ","markr@builde.com.au","97124101435",""," ",""
"Camtech Electrics","Electricians","Malvern East","VIC","3145","0417 788 255","walter@camtechelectrics.com","65746676466",""," ",""
"CDK STONE PTY LTD","Limestone","Melbourne","VIC","3145","0491 100 539","Nigel.Finney@cdkstone.com.au","52104900647",""," ",""
"Colin Stagoll & Associates Pty Ltd","Garden Maintenance","Malvern East","VIC","3145"," ","stagollc@optusnet.com.au","88066153660",""," ",""
"DC Electrical and Security","Ducted Vacuum Systems","Malvern East","VIC","3145"," ","damien.clout@gmail.com","65294308104",""," ",""
"Fountain Carpentry","Renovations","Caulfield East","VIC","3145","0438 052 977","sfountain0486@gmail.com","53464062617","","Scott","Fountain"
"Gascorp Plumbing","Plumbers","Malvern East","VIC","3145","0408 103 731","rocky@gascorpplumbing.com.au","91052919963","","Rocco","Surace"
"GO!!! for it.. Repair it.. Fix it.","Handyman","Melbourne East","VIC","3145","0487 918 497","costello@net2000.com.au","85863544690","","Bob","Costello"
"Green Wolf Mowing","Garden Maintenance","Malvern East","VIC","3145","0407 819 605","info@greenwolfmowing.com","65730082180",""," ",""
"Hawthorn Carpentry Maintenance Pty Ltd","Handyman","23 Argyll ST, Malvern East","VIC","3145","0417 054 621","donohue.nicholas@gmail.com","50313984513","","Nicholas","Donohue"
"Hemm Landscape Construction","Landscaping & Gardening","Malvern East","VIC","3145","0429 677 999","hemmlandscapes@gmail.com","35114259683","","Keinen","Hemming"
"Hitek Electrics","Electricians","MALVERN EAST","VIC","3145","0418 332 861","hitekelectric@bigpond.com","13089826059","","Daniel","Strangio"
"Housekeeping","Cleaning Services - Commercial","Caulfield East","VIC","3145","0431 798 608","simranlike4u@yahoo.com","94762194080",""," ",""
"Ideal Carpet Steam Cleaning","Carpet & Upholstery Cleaning","Malvern East","VIC","3145","0416 200 157","johnideal@bigpond.net","81278835917",""," ",""
"Irrigation Man","Irrigation Systems","Malvern East","VIC","3145","0417 039 971","postandpipe@bigpond.com","52248614250",""," ",""
"I Shine Cleaning Solutions","Window Cleaning","MALVERN EAST","VIC","3145","0410 800 078","infoishine78@gmail.com","76163977068","","Ketkiben","Patel"
"JG & SON Handyman & Maintenance","Handyman","Melbourne","VIC","3145","0433 790 672","jguerrieri@live.com","80093462849",""," ",""
"John The Plumber","Plumbers","Malvern East","VIC","3145","0437 555 799","desensi@bigpond.net.au","91661836530",""," ",""
"Julian Mccarthy Landscapes Pty Ltd","Garden Maintenance","Malvern East","VIC","3145","0417 310 083","julian.jp@gmail.com","36074659706",""," ",""
"Just Inspections","Pre-Purchase Property Inspections","Malvern East","VIC","3145"," ","sales@justinspections.com.au","73800311025",""," ",""
"Kube Contsructions","Pool Fencing","Malvern East","VIC","3145","0411 098 040","accounts@kubeconstructions.com.au","92603188101","","Andrew","Siricusi"
"Landsculpt Pavescape","Landscaping & Gardening","Malvern","VIC","3145","0416 148 416","byronh713@gmail.com","47638329527","","Byron","Hill"
"Linked Up Electrical services","Electricians","Malvern East","VIC","3145","0408 558 986","scott.allardice@gmail.com","44082378658",""," ",""
"Lisa Ellis Gardens","Garden Designer","312 waverley RD, Malvern East","VIC","3145"," ","info@lisaellisgardens.com.au","60141312165","","Lisa Ellis Gardens Pty","Ltd"
"Majestic Coating & Renovations","Painters","Chadstone","VIC","3145","0401 737 863","steve@majesticmcr.com.au","32389721620",""," ",""
"Maljil Pty Ltd","Equipment Hire","3 Anderson ST, Malvern East","VIC","3145"," ","info@maljil.com.au","19102207616",""," ",""
"Malvern Valley Roofing","Metal & Colorbond Roofing","Malvern East","VIC","3145"," ","aconfait@gmail.com","62081416373",""," ",""
"McGlade Builders Pty Ltd","Building","Malvern East","VIC","3145","0424 008 509","quotes@mcgladebuilders.com","95128555788",""," ",""
"McGlade Fine Furniture","Upholstery Repair","Malvern East","VIC","3145"," ","","62885733063",""," ",""
"Melbourne Property Care","Cleaning Services - Commercial","Holmesglen","VIC","3145","0410 742 825","michael.liu19@outlook.com","43025016538",""," ",""
"Melside Window Cleaning","Window Cleaning","27 Turner ST, Malvern East","VIC","3145"," ","tedforgach@yahoo.com","39791616624",""," ",""
"Morea Architects","Architecture","43 Clynden AVE, Malvern East","VIC","3145"," ","admin@moreaarchitects.com.au","70422170519",""," ",""
"Mr Mow Garden Maintenance","Garden Maintenance","Malvern East","VIC","3145","0402 281 525","karl@yahoo.com.au","72510944930",""," ",""
"Mr Mow It","Garden Maintenance","Malvern East","VIC","3145","0407 919 512","mrmowit@y7mail.com","74187626770",""," ",""
"M services Group","Solar Power Accessories","Malvern East","VIC","3145","0430 488 315","s.manny1440@gmail.com","46687880134",""," ",""
"Peter Roberts Builder","Handyman","Malvern East","VIC","3145","0418 394 431","buildpeter@gmail.com","77965465377",""," ",""
"Power To You Electrical services","Electricians","Malvern East","VIC","3145","0408 432 601","powertoyou@optusnet.com.au","13553311008","","Dylan","Picone"
"Presolar","Electricians","Malvern east","VIC","3145"," ","paul@presolar.com.au","53144520187",""," ",""
"PROELEMent","Electricians","Malvern East","VIC","3145"," ","ads@proelement.com.au","89796263900","","Paul","Joubran"
"Q","Floor Tiling","Malvern East","VIC","3145","0430 866 873","jamescch83@gmail.com","34922074893",""," ",""
"Quality Painters","Painters","Malvern East","VIC","3145","0474 988 880","andreaszaimis1@gmail.com","74303821211","","Andreas","Zaimis"
"Reno Help","Project Management","Malvern East","VIC","3145","0418 984 246","renohelpmelbourne@gmail.com","14565753476",""," ",""
"Rich Shutters & Blinds","Blinds","Malvern East","VIC","3145","0427 934 373","richard@richshutters.com.au","87611470387","","Richard",""
"Swipeout Window Cleaning","Gutter Cleaning","Caufield East","VIC","3145"," ","pete@swipeoutwindowcleaning.com.au","11437672855","","Peter","Ockleshaw"
"Swipers Gully Landscaping","Tilers","Caufield East","VIC","3145","0414 719 770","sshaw@vtown.com.au","52526779514",""," ",""
"Swish Air, Heating, Cooling & Plumbing","Plumbers","Caufield East","VIC","3145","0422 996 794","steve_wishart@bigpond.com","22983290978",""," ",""
"W Concrete","Concreting","Caulfield East","VIC","3145"," ","nlaso@bigpond.net.au","39135316672",""," ",""
"Whitehall Construction","Handyman","Caulfield East","VIC","3145"," ","t.h.whitehallconstruction@gmail.com","58467181642","","Thomas","Hutchinson"
