"business_trading_name","category","suburb","state","post_code","phone_number","email","ABN","logo","first_name","last_name"
"A1 Master Painter Pty Ltd","Interior","Balwyn","VIC","3103","0419 396 179","sharyeghani@yahoo.com.au","36108441096",""," ",""
"ATB Plumbing","Plumbers","Balwyn","VIC","3103","0418 393 813","atbplumbing@hotmail.com","21314525975","","Tony","Braione"
"Balwyn Master Painters","Painters","Balwyn","VIC","3103","0450 774 922","auspainters007@gmail.com","77091399334","","Sam","Khosravi"
"Bill Wong Locksmith","Locksmiths","Balwyn","VIC","3103","0410 654 929","billwonglock@yahoo.com.au","26631059715",""," ",""
"BELL HOME LIVING","New Home","Balwyn","VIC","3103"," ","infoblackpearlgreen@gmail.com","17067976327","","Dominic","Papalia"
"Blue Pearl Property services","Complete Bathroom Renovation","Bowen East","VIC","3103","0419 880 895","bluepearlproperty@bigpond.com","84615367106",""," ",""
"Broadplan - Town Planning & Development Consultants","Town Planning","PO BOX Balwyn","VIC","3103","0423 255 042","john.bardini11@gmail.com","61500217181",""," ",""
"BT Surveys Pty Ltd","Land Surveyors","DEEPDENE","VIC","3103","(03) 9817 6293","btsurveys@optusnet.com.au","45104899023","","Brian","Tickell"
"Cocoon Insulation","Insulation","Balwyn","VIC","3103","0402 349 309","peter@cocoonproperty.com","78007011805",""," ",""
"Contemporary Technology Solutions","Antenna Services","BALWYN","VIC","3103","0423 887 587","allen.rakei@outlook.com","20732010804",""," ",""
"Designer Kitchens Victoria","Kitchen Design","Balwyn","VIC","3103","0499 115 222","theo@designerkitchensvic.com.au","74786448678",""," ",""
"ECI Painting Contractors","Painters","Balwyn","VIC","3103","0419 325 673","eci@netspace.net.au","47803844042",""," ",""
"Elite Plasterer PTY LTD","Plastering & Gyprock","Balwyn","VIC","3103","0433 207 066","hcwisboy@hotmail.com","32151385232",""," ",""
"Epmaa Construction","Building","Balwyn","VIC","3103","0412 818 381","info@epmaa.com.au","52132752071",""," ",""
"GH Landscapes","Landscaping & Gardening","Balywn","VIC","3103","0421 871 510","glenn@ghlandscapes.com.au","55095526763",""," ",""
"Golden Cleaning","Cleaning","Balwyn East","VIC","3103","0421 883 900","goldensuperservice@hotmail.com","32006330847",""," ",""
"Golden Cleaning service P/L","Cleaning","Balwyn East","VIC","3103","0407 820 297","gol29@optusnet.com.au","32006330847","","Sean","O'Loughlin"
"Home Moving Planners","House Move","Balwyn East","VIC","3103","0409 592 253","info@homemovingplanners.com.au","96784597571",""," ",""
"Home Moving Planners","Pre-Sale Styling","Balywn","VIC","3103","0409 592 253","lisa@homemovingplanners.com.au","96784597571",""," ",""
"JB Trees","Arborist","Balwyn","VIC","3103","0411 254 777","jb_trees@bigpond.com","90630127142",""," ",""
"J & J Garden Groomers","Garden Maintenance","Balwyn","VIC","3103","0416 878 006","jeremy_awilson@hotmail.com","65154202128","","Jeremy","Wilson"
"Kenkleen","Window Cleaning","Balwyn","VIC","3103"," ","hedleyw.007@gmail.com","25599077946",""," ",""
"MAC Development & Construction","Fencing","Balwyn","VIC","3103","0412 573 481","riley@macdc.com.au","87337617590",""," ",""
"Mcbuild Pty Ltd","Building","Balwyn","VIC","3103","0423 097 092","leigh@mcbuild.com.au ","72129308041","","Leigh","McMillan"
"MEHRAZ DESIGN","Painters","Balwyn","VIC","3103","0451 907 084","maziyardarvishi8333@gmail.com","82270133816","","Maziar","Darvishi"
"Morpheus Construction","Doors","Balwyn","VIC","3103","0407 602 260","cameron@morpheusconstruction.com.au","32169565374","","Cameron","Buchanan"
"My Home Concierge","Cleaning","BALWYN","VIC","3103","0408 560 414","peter.bladeni@bigpond.com","41622983500","","Peter","Bladeni"
"MY POOL M8","Pool Maintenance","Balwyn","VIC","3103","0435 672 086","cayne@mypoolm8.com.au","74365054818",""," ",""
"NK Precision Carpentry","Carpenters","Balwin","VIC","3103","0412 153 032","nkurbo@hotmail.com","60717530478","","Nick","Kurbanovs"
"Nude Frameless Shower Screens","Shower Screens","Balwyn","VIC","3103","0409 419 073","wayne@nudeframeless.com.au","85743989688",""," ",""
"Osborne Painting & Co","Painters","Balwyn","VIC","3103","0401 262 877","osbornepainting.co@gmail.com","18755005809",""," ",""
"Shooting Star Property services","Cleaning","Balwyn","VIC","3103","0433 681 011","info@shootingstarcleaning.com.au","62506167262",""," ",""
"Simply Bathroom Solutions","Bathroom","161-171 Balwyn","VIC","3103"," ","liz@simplybathroomsolutions.com.au","25604666962","","Liz","Staynor"
"SOLOMONS FLOORING BALWYN","Timber Flooring","Balwyn","VIC","3103","0413 637 666","balwyn@solomons.com.au","83106952149","","Vince","Tash"
"TEMURAZ TILING Pty Ltd","Tilers","Balwyn North","VIC","3103","0417 115 822","temuraztiling@bigpond.com","73155159265","","Temur",""
"UiD HOMES BUILDING DESIGN","Drafting","Suit 2, 339 Whitehorse RD, Balwyn","VIC","3103"," ","uidhomes@gmail.com","78770320678",""," ",""
"Urban Green","Landscaping & Gardening","Balwyn","VIC","3103","0409 259 449","urbangreen.vic@gmail.com","25602202429","","Andrew","Wardlaw"
"VEZ Electrics","Electricians","Balwyn","VIC","3103","0400 079 711","vezelectrics@hotmail.com","60443976317",""," ",""
"Vicwide Property services","Handyman","Balwyn","VIC","3103","0438 075 459","vicwide.ps@gmail.com","82565499512","","jimmy","Fotinatos"
"W & D Sellwood Solid Plastering","Plastering & Gyprock","34 Hilda ST, Balwyn","VIC","3103","0412 898 073","sellwood07@bigpond.com","80765505470",""," ",""
"Whistler's Plumbing services","Plumbers","Balwyn","VIC","3103","0447 801 966","robert@whistlersplumbing.com.au","45773601641",""," ",""
"Your Project Builder Pty Ltd","Plastering & Gyprock","Balwyn","VIC","3103","0416 854 018","yourprojectbuilder@gmail.com","46611983781",""," ",""
"Zita's interiors","Colour Consultancy","Balwyn","VIC","3103","0439 911 420","zitasinteriors@gmail.com","28107164257",""," ",""
"Zito Drafting Solutions","Drafting","Balwyn","VIC","3103","0414 879 150","zitodraftingsolutions@gmail.com","28598900775",""," ",""
