"business_trading_name","category","suburb","state","post_code","phone_number","email","ABN","logo","first_name","last_name"
"A1 Kerbing","Concrete Kerbs","Melbourne","VIC","3000","0403 437 499","shub73@hotmail.com","19155044921",""," ",""
"AAA Painting & Rendering","Painters","Melbourne","VIC","3000","0410 719 094","yasharpanahi85@gmail.com","75302361492","","Yashar","Panahi"
"Aashray Designers","Building","173 City RD, Melbourne","VIC","3000"," ","info@aashraydesigners.com.au","14607456882",""," ",""
"AA Timber Floors","Timber Flooring","Melbourne","VIC","3000","0432 520 087","aatimberfloors@gmail.com","62044945243",""," ",""
"Acropolis Painting","Painters","Melbourne","VIC","3000"," ","acropolispaintingptyltd@gmail.com","79169965315",""," ",""
"Across Australia Removals","Furniture Removal","Melbourne","VIC","3000"," ","removal@acrossoz.com","12098450492",""," ",""
"Adam Dettrick Architects Pty Ltd","Architecture","305/20-22 Mckillop ST, Melbourne","VIC","3000"," ","adam@adamdettrick.com.au","32128400288",""," ",""
"AFJ Home Maintenance","Handyman","Melbourne CBD","VIC","3000","0414 087 643","afjmaintenance@outlook.com","63450977204",""," ",""
"Air365","Lighting","Melbourne","VIC","3000","0438 352 679","contact@air365.com.au","40720960107","","Mike","Jolly"
"AKTIS RENOVATIONS PTY LTD","Bathroom","Melbourne","VIC","3000","0408 994 193","george@aktisrenovations.com","82639962100",""," ",""
"Alarm Central","Security","Melbourne","VIC","3000","0406 049 252","sales@alarmcentral.com.au","37296379326",""," ",""
"Alarm House Electronic Security","Electricians","Melbourne","VIC","3000","0413 073 738","alarmhouse@live.com","65486275404","","Edgar","Gutierrez"
"Alexander Pollock interiors","Interior Designer","Melbourne, 14 Little Nicholson ST, Melbourne","VIC","3000","0414 269 571","design@alexanderpollock.com","11809952268",""," ",""
"Alex C Handyman & Plumbing service","Handyman","Melbourne","VIC","3000","0409 384 013","alexxt1975@hotmail.com","49008237313",""," ",""
"All Affordable Cleaning services","Cleaning","Melbourne","VIC","3000","0430 462 229","zulno@yahoo.com.au","57242931134","","Muahammad","Zulnorain"
"All Four Seasons Home services","Colorbond Fencing","Melbourne","VIC","3000","0427 947 008","allfourseasonshomeservices@hotmail.com","78988198982","","Angelo","Martino"
"AMV Custom Designs","Cabinet Making","Melbourne","VIC","3000","0418 553 534","averduci@amvcustomdesigns.com.au","88295715166",""," ",""
"Anco Seed & Turf","Lawn & Turf","950 Westernport HWY, Cranbourne West","VIC","3000"," ","info@ancoturf.com.au","13151500971",""," ",""
"Andiamo Landscaping","Landscaping & Gardening","Mt Eliza","VIC","3000","0409 004 373","kate@andiamolandscaping.com.au","93132109525","","Danny Benac & Kate","Furst"
"antarctica Architects","Architecture","41 A'Beckett ST, Melbourne","VIC","3000"," ","thomas@antarc.com.au","45114832852",""," ",""
"antarctica Architects","Architecture","Melbourne","VIC","3000"," ","office@antarc.com.au","45114832852",""," ",""
"antoines test and tagging","Test & Tag","Melbourne","VIC","3000","0412 092 763","antoine.alaoui@gmail.com","29286947887",""," ",""
"Any Tile","","SHOWROOM, 37 - 41 Warrigal RD, Oakleigh","VIC","3000"," ","sales@anytile.com.au","47049191250",""," ",""
"Apartment Cleaning Melbourne","Carpet & Upholstery Cleaning","Melbourne","VIC","3000","0451 091 773","info@apartmentcleaningmelbourne.com.au","60158215779",""," ",""
"A.P.G Industries services","Cleaning","Melbourne","VIC","3000","0412 554 726","apgservice@apgservice.com","30417359550",""," ",""
"Architecton Pty Ltd","Architecture","Melbourne","VIC","3000","0417 306 178","info@architecton.com.au","78144871483",""," ",""
"Architectural Matters","Drafting","Levl 3, 480 Collins ST, Melbounre","VIC","3000"," ","info@architecturalmatters.com.au","11622855449",""," ",""
"Archtek Pty Ltd","Drafting","3/2 Drewery PL, Melbourne","VIC","3000"," ","dean@archtek.com.au","32429543223",""," ",""
"Arete Access","Inspections - Building","Melbourne","VIC","3000"," ","areteaccess@gmail.com","61347524178","","Jacob","Rice"
"Arkham Design Pty Ltd","Drafting","89 Sycamore ST, Melbourne","VIC","3000","0409 525 343","admin@arkhamdesign.com.au","72162123560",""," ",""
"Arthur's Painting service","Painters","Melbourne","VIC","3000","0431 123 065","arthurverras@hotmail.com","66421283675",""," ",""
"Asbestos Edge","Inspections","Melbourne","VIC","3000"," ","zacharys@edgegroup.net.au","78145532869","","Zac","Schlosser"
"Ash Painting & Decorating Pty Ltd","Painters","Melbourne","VIC","3000","0408 057 217","lovelyash_2012@yahoo.com.au","44551516630","","Mohammad","Ashraf"
"Auracle Industries","Home Theatre","Melbourne","VIC","3000","0417 516 553","auracleindustries@gmail.com","73940379972",""," ",""
"Aura Painting Group Pty Ltd","Painters","Melbourne","VIC","3000","0404 887 095","info@aurapaintinggroup.melbourne","95617733365","","Alan",""
"Auscon Constructions","Building Designer","Melbourne","VIC","3000","0422 345 271","info@ausconconstructions.com.au","56169764710","","Elizabeth Not","Provided"
"Aushen Stone","Landscaping & Gardening","Melbourne","VIC","3000"," ","info@aushenstone.com.au","80150472183","","Peter","Wang"
"AV Design Solutions","Home Theatre","Melbourne","VIC","3000","0403 484 745","info@avds.com.au","80303755767","","Sam","Stamos"
"Avery Leanne","Kitchen Design","MELBOURNE","VIC","3000"," ","avery.leanne90@gmail.com","65381747355","","Avery","Leanne"
"Awesome Cleaning services","Carpet & Upholstery Cleaning","Melbourne","VIC","3000","0405 349 022","info@awesomecleaning.com.au","56613426350",""," ",""
"Barakah Cleaning services","Cleaning Services - Commercial","Melbourne","VIC","3000","0402 242 814","barakahofficecleaning@gmail.com","56547651213",""," ",""
"Bark King","Building Supplies","54 Fussell RD, servicing Metro & Regional Victoria","VIC","3000"," ","sales@barkking.com.au","49629868816",""," ",""
"Barkala Gardens","Fencing","Mornington Peninsula","VIC","3000","0467 663 359","barkalagardens@y7mail.com","42850210298",""," ",""
"P I & H B J Barnard","","23 Green Hills RD,","Pakenham","3000","0414 625 830","paulianbarnard@hotmail.com","33620951875","","Paul","Barnard"
"Basile Evans","Furniture - Custom Design","Melbourne","VIC","3000"," ","info@basileevans.com.au","17256460389",""," ",""
"Bathroom Werx","Bath & Basin Resurfacing","Melbourne","VIC","3000"," ","info@bathroomwerx.com","29007195557",""," ",""
"Bayside Custom Carpentry","Shopfitters","East Melbourne","VIC","3000","0421 218 242","benjamin.p@optusnet.com.au","20138175336",""," ",""
"Bb bricklaying","Bricklaying","Melbourne","VIC","3000","0421 007 398","gus_emery@live.com","79376572198",""," ",""
"Beric Painting & Design","Painters","Melbourne","VIC","3000","0413 704 474","enquiries@bericpainting.com.au","93114135625","","Murray","Beric"
"Beric L Tiling","Tilers","Melbourne","VIC","3000","0403 697 996","ljubanberic@icloud.com","50544899491","","Ljuban","Beric"
"Better Foundations","Underpinning","Melbourne","VIC","3000","0409 180 821","info@betterfoundations.com.au","74606424968",""," ",""
"BFM Removal","Furniture Removal","Melbourne CBD","VIC","3000","0423 006 274","jasonkoh1986@yahoo.com.au","31739609965",""," ",""
"B.Issa Painting","Painters","Melbourne","VIC","3000","0431 390 472","robert.issa@outlook.com","93055095378",""," ",""
"BK Glazing","Glass & Glazing","Melbourne","VIC","3000","0432 946 198","kujtimshabani@hotmail.com","25962612907",""," ",""
"Blackcat Timber Flooring","Floating Timber Floor Installation","Melbourne","VIC","3000","0439 365 551","sejin6530@gmail.com","74575242200",""," ",""
"B & M Lo Bianco pty ltd","Handyman","CBD","VIC","3000","0425 783 135","etihw@bigpond.net.au","52087353213","","Michael","Lobianpo"
"Boilerheat Plumbing","Hot Water Systems","Melbourne","VIC","3000","0423 935 531","boilerheatplumbing@hotmail.com","77657118848",""," ",""
"BORNOVA PROJECTS Pty Ltd","Architecture","Suite 38 Level 3 12 Collins ST, Melbourne","VIC","3000"," ","yalcin@bornova.com.au","52886368344",""," ",""
"Branov Design Group","Building Designer","Melbourne","VIC","3000"," ","mark@branovdesign.com","23721368114",""," ",""
"Brilliance Removals Melbourne","Furniture Removal","Suite 669, 585 Little Collins ST, Melbourne","VIC","3000","0452 448 604","info@brillianceremovalistsmelbourne.com.au","13156589936",""," ",""
"Brock Bent","Painters","Melbourne","VIC","3000","0497 084 609","brockbent1@outlook.com","46946961776",""," ",""
"Bryan Ko","Water Features","Melbourne","VIC","3000","0430 848 008","bluethumbaquatics@hotmail.com","19149816150","","Bryan","Ko"
"Budget Property Solutions","Cleaning","Melbourne","VIC","3000","0434 024 415","info@budgetsolutions.com.au","63033224763",""," ",""
"Budget Steam Cleaning services","Carpet & Upholstery Cleaning","Melbourne","VIC","3000"," ","bookings@budgetsteam.com","62538630016",""," ",""
"Building In Green","Joinery","Melbourne","VIC","3000","0408 139 299","sandro@buildingingreen.com.au","30141767731",""," ",""
"Building & Project services P/L","","Melbourne","VIC","3000","0418 334 538","paul@buildingandprojectservices.com.au","94075637615","","Paul","Wilkins"
"Buildpoint Australia Pty Ltd","Building","Melbourne","VIC","3000"," ","info@buildpoint.com.au","81049758915","","Ramsey","Abdalla"
"Calabro Air","Air Conditioning","Diggers Rest","VIC","3000","0417 868 126","tcalabro@bigpond.com","21554338372",""," ",""
"Cal's Roofing Pty Ltd","Roof Repairs","Diggers Rest","VIC","3000","0421 859 038","calsroofing@hotmail.com","87139339218","","Callan","Day"
"Carports Direct","Carpenter","Melbourne","VIC","3000","1300 758 375","info@carports.net.au","24887271368","","Ashley","Barrett"
"Carr interiors","Interior Designer","Melbourne","VIC","3000"," ","ddinh@carr.net.au","56126212575",""," ",""
"Castle Kane Group Building Surveyors","Surveyors","Grnd Floor, 555 Bourke ST, Melbourne","VIC","3000"," ","kathy@castlekane.com.au","28721323052",""," ",""
"Cataldi G & R & Sons Pty Ltd","Cabinet Making","Melbourne CBD","VIC","3000"," ","","39115465629",""," ",""
"Caulking Subcontractor","Caulking","Melbourne","VIC","3000","0450 970 205","awaiskhurshid@live.com","30968295689",""," ",""
"CBD Carpet Repairs","Carpet Repair & Laying","East Melbourne","VIC","3000","0434 351 634","joe@cbdcarpetrepairs.com.au","82484626914","","Joseph","Stevenson"
"Chok's Plastering","Repairs","Melbourne","VIC","3000","0424 722 487","cho941994@hotmail.com","12271058554",""," ",""
"Christo Industries","Painters","Melbourne","VIC","3000","0417 488 685","chris@christoindustries.com.au","45957147004","","Christopher","Stylianou"
"Christopher's Window Cleaning Ghosts","Window Cleaning","Melbourne Metro","VIC","3000","0488 333 555","cp-b@bigpond.com","98767971682","","Christopher","Peniston-Bird"
"City Central Property services","Cleaning Services - Commercial","Melbourne","VIC","3000"," ","vic@citycentralgroup.com.au","80974097118",""," ",""
"Cleana-Carpets","Carpet & Upholstery Cleaning","Melbourne","VIC","3000","0403 188 401","jojo777819@gmail.com","92014996022",""," ",""
"Clean As","Gutter Cleaning","Melbourne","VIC","3000","0414 397 412","cleanas2@gmail.com","41667171089",""," ",""
"Clean Clean Melbourne","Carpet & Upholstery Cleaning","Melbourne","VIC","3000","0435 188 689","info@cleancleanmelbourne.com.au","77367648803","","Aline","Mutesi"
"Cleaning in Melbourne","Cleaning","Melbourne CBD","VIC","3000"," ","jessicao_123@hotmail.com","76903750571",""," ",""
"In Depth Cleaning Melbourne","Carpet & Upholstery Cleaning","Melbourne","VIC","3000"," ","office@indepthcleaning.com.au","72094402176",""," ",""
"Cleaning Works","Cleaning Services - Commercial","Melbourne","VIC","3000"," ","info@cleaningworks.com.au","29605972263","","Rod","Taylor"
"Clearview Aquarium services","Cleaning","n/a, n/a n/a PL, Melbourne","VIC","3000","0413 330 653","john@clearviewaquariums.com.au","32873974039","","John","Schembri"
"CLELEC","Electricians","Melbourne","VIC","3000","0438 551 022","justin@clelec.com.au","26309369716",""," ",""
"CL Insulation","Insulation","Melbourne","VIC","3000","0452 625 629","ien0291238@gmail.com","91543519851","","Jiayi","Xu"
"CN Painters Melbourne","Painters","PO Box Melbourne ARC, Melbourne","VIC","3000","0408 682 997","info@cnpaintersmelbourne.com.au","52971215536",""," ",""
"Colab Design Studio Pty Ltd","Interior Designer","Melbourne","VIC","3000","0410 184 996","anna@colabdesignstudio.com.au","69160289350",""," ",""
"Colour Concept Painting Decorating services","Painters","Melbourne","VIC","3000","0438 682 232","colourconceptpainting@gmail.com","42742900953","","David","Galea"
"Combined Facility services","Cleaning Services - Commercial","Melbourne","VIC","3000","0413 521 547","admin@combinedfs.com.au","29166410724",""," ",""
"Combined Fencing","Fencing","Melbourne","VIC","3000","0437 333 016","tnybeck1@bigpond.net.au","45124511823",""," ",""
"commercial & domestic cleaning (office maintenance services)","Cleaning Services - Commercial","Melbourne CBD","VIC","3000","0450 413 113","centerfoxservices@gmail.com","47814728686",""," ",""
"Complete Climate Installations","Air Conditioning","Northern Melbourne","VIC","3000","0418 556 514","robertraponi@hotmail.com","47441150147","","Robert","Raponi"
"Concrete water Tank Leak Repairs","Repairs","bunyob","VIC","3000","0427 427 183","darren@thetankshop.com.au","46113508053",""," ",""
"Cookie Plastering","Plastering & Gyprock","Melbourne","VIC","3000","0417 339 560","cookesplaster@optusnet.com.au","31070977418",""," ",""
"Cooknell Electrical","Electricians","Melbourne","VIC","3000"," ","bluelabel20020@hotmail.com","91835206651",""," ",""
"Cox Architecture Melbourne","Architecture","2/167 Flinders LA, Melbourne","VIC","3000"," ","melbourne@cox.com.au","95002535891",""," ",""
"CQ Flooring Pty Ltd","Timber Flooring","Melbourne","VIC","3000","0451 676 844","info@cqflooring.com.au","58603603041",""," ",""
"Craig Tan Architects","Architecture","Melbounre","VIC","3000","90363136","craig@craigtanarchitects.com","71152743836","","Craig","Tan"
"Craig the Concretor","Concreting","Melbounre","VIC","3000","0408 725 869","craigtheconcreter@gmail.com","96767419971","","Craig","Webb"
"Crio Commercial Refrigeration","Air Conditioning","Melbourne","VIC","3000","0410 690 496","1300fridgy@gmail.com","77446636978","","Stan","Fokas"
"Crown Property services","Cleaning","1 Queens RD, Melbourne","VIC","3000"," ","cleaning@crownpropertyservices.com.au","25147437714",""," ",""
"Crystal Spot Pty Ltd","Pressure Cleaning","Melbourne","VIC","3000","0430 358 553","dixitraja@yahoo.co.in","40624594207",""," ",""
"Daniel's Appliance service","Appliance Repairs","Melbourne","VIC","3000","0407 496 752","jvdaniel@bigpond.com","77600332669",""," ",""
"Davaly Design","Interior Decorating","Melbourne","VIC","3000","0407 008 323","michelle@davalydesign.com.au","73362263548",""," ",""
"DCG - Structural & Civil Engineers","Engineering - Structural","Level 1, 21 Victoria ST, Melbourne","VIC","3000"," ","enquiry@dcgroup.com.au","15842343501",""," ",""
"DCI & Associates Pty Ltd","Town Planning","Level 1, 21 Victoria ST, Melbourne","VIC","3000","0422 651 859","daniel.innis@dciassociates.com.au","86614545532","","Daniel","Innis"
"DCorp Pty Ltd","Floor Coatings","Melbourne","VIC","3000","0419 582 238","dudley@dcorp.com.au ","22608026375","","Dudley","Rodrigues"
"Nationwide Fencing","Timber","Level 5, 11- 19 Bank PL, Melbourne","VIC","3000"," ","quotes@nationwidefencing.com.au","23165617345",""," ",""
"Surface Squared","Doors","74 Highbury RD, Melbourne","VIC","3000"," ","bnewman@designerlaminates.com.au","28053830498",""," ",""
"Design Laf","Painters",". . RD, Melbourne","VIC","3000","0487 085 855","designlaf80@gmail.com","51125316649","","Kostas",""
"Design Subdivide & Build","Architecture","Level 23, 500 Collins ST, Melbourne","VIC","3000","0407 312 052","dsbhpleads@gmail.com","71388313453",""," ",""
"Diamond Earthmovers pty ltd","Excavation","Melbourne","VIC","3000"," ","steve@diamondearthmovers.com.au","59128551075","","Steve","McCarthy"
"DKW Improvements","Handyman","Melbourne","VIC","3000","0421 290 238","dkwcontact@gmail.com","52896805405","","David","White"
"DLUXE CARE","Cleaning","MELBOURNE","VIC","3000","0413 515 422","admin@dluxecare.com.au","69179608115","","Jennyfer","Trujillo"
"Draftee","Drafting","Level 2, 420 Collins ST, Melbourne","VIC","3000"," ","adrian@draftee.com.au","95610506011","","Adrian","Hooper"
"Drainfast","Plumbers","Melbourne","VIC","3000"," ","drainfastoz@gmail.com","33613758811","","Paul","Kane"
"D.Symons Concreting","Coloured Concrete","melbourne","VIC","3000","0407 802 448","damiensymons42@gmail.com","45078868636",""," ",""
"Earth Pro Cleaning services","Carpet & Upholstery Cleaning","Melbourne","VIC","3000","0420 302 829","info@earthprocleaningservices.com.au","24679309943","","Daniel","Sanchez"
"Eastern Sealant services","Caulking","Melbourne","VIC","3000","0401 171 145","easternsealantservices@gmail.com","73514139795","","Daniel","Kostal"
"Eco Relief","Solar Power","Melbourne","VIC","3000"," ","shiv@ecorelief.com.au","79167128225",""," ",""
"Eco Shade","Roller Blinds","1 Bourke ST, Melbourne","VIC","3000","0400 000 000","sales@lidi.com.au","85712286067",""," ",""
"Elsie & Betty Design","Interior Decorating","The Block Arcade, 302/282 Collins ST, Melbourne","VIC","3000"," ","girls@elsieandbetty.com.au","42723123615","","Juli","Smolcic"
"Elvintan Design","Drafting","Melbourne","VIC","3000","0430 017 762","elvin@elvintan.com.au","78691345009",""," ",""
"Superior Bond Cleaning","Cleaning","Melbourne","VIC","3000","0416 207 913","enquiry@superiorbondcleaning.com.au","59146916022",""," ",""
"End of Lease Cleaners","Cleaning","Melbourne","VIC","3000","0433 565 635","n.e.property@hotmail.com","50368681324",""," ",""
"enterprise Architects","Building Design","Melbourne","VIC","3000"," ","reception@enterprisearchitect.com","39677301556",""," ",""
"Enviro Property services Pty Ltd","Lighting","Melbourne","VIC","3000"," ","admin@enviropropertyservices.com.au","66095069837",""," ",""
"Envision Colour Painting and Decorating","Painters","Melbourne","VIC","3000"," ","envisioncolour@gmail.com","34060342995","","Paul","Nicou"
"Evolution interior Projects","Complete Bathroom Renovation","Melbourne","VIC","3000","0419 661 694","adam@evolutionprojects.com.au","36149807294","","Adam","Liefting"
"Exel Seal (Melbourne) Pty Ltd","Waterproofing","Carrum Downs","VIC","3000","0418 758 543","barry@exelseal.com.au","70504633115",""," ",""
"Express Demolition & Excavation","Excavation",". . ST, Melbourne","VIC","3000"," ","","89153378584",""," ",""
"Expert Tiling services Pty Ltd","Paving","Melbourne","VIC","3000","0466 303 283","expt.tiling@gmail.com","75602420128",""," ",""
"Fangs Building Inspections","Inspections","Melbourne","VIC","3000","0425 435 202","admin@fangsbuildinginspections.com.au","46172674389",""," ",""
"Fast & Precise Excavations & Hammering","Concreting","Melbourne","VIC","3000","0432 471 582","classicbrickfences@yahoo.com.au","55498470082","","Freddy","Bashour"
"FENCING QUOTES ONLINE","Fencing","Level 13, 114 William ST, Melbourne","VIC","3000","0432 978 683","Quotes@fencingquotesonline.com.au","12634746259",""," ",""
"FEZA COMMERCIAL CLEANING PTY LTD","Cleaning Services - Commercial","Preston","VIC","3000","0420 299 566","feza.cleaning@gmail.com","53157773003","","Feza","Sun"
"Fiona Winzar Architects","Architecture","Melbourne","VIC","3000"," ","fiona@fredarchitecture.com.au","14233251900",""," ",""
"First Lady Cleaning","Cleaning","Melbourne","VIC","3000","0430 504 499","netsai58@hotmail.com","83382446261",""," ",""
"Fleur Downey Architect","Residential","Melbourne","VIC","3000","0411 107 514","fleur@fleurdowney.com.au","64323380554","","Fleur","Downey"
"FLOOR RESCUE","Timber Flooring","Melbourne","VIC","3000","0404 264 906","floorrescue@mail.com","79188108613","","Eddie",""
"Forty One South","Architecture","Level 3, 360 Little Collins ST, Melbourne","VIC","3000","0437 916 605","tina@fortyonesouth.com","69146412419",""," ",""
"Fraser Paxton Architects Pty Ltd","Drafting","Melbourne","VIC","3000"," ","laura@fraserpaxton.com.au","94141375573",""," ",""
"Adam John Smith","Plumbers","MELBOURNE","VIC","3000","0422 865 029","adam300879@hotmail.com","72854247090",""," ",""
"Furnish My Apartment","Interior Designer","Melbourne","VIC","3000","0419 502 696","sharon@furnishmyapartment.net","50730014585",""," ",""
"Gardeners Clayton","Garden Maintenance","Melbourne","VIC","3000"," ","hello@greenandhome.com.au","89148976256",""," ",""
"GATSEC","Security","Melbourne","VIC","3000"," ","info@gatsec.com.au","46845939985",""," ",""
"G & C The Tiling Experts","Tilers","Melbourne","VIC","3000","0431 731 270","thetilingexperts@gmail.com","36601742528",""," ",""
"George Mortgage Broker / WEIHONG RAO","Mortgage Brokers","Melbourne","VIC","3000","0476 666 607","georgerao88@gmail.com","82257465918",""," ",""
"George Nikolovski Painting & Decorating","Handyman","Melbourne","VIC","3000","0433 344 371","gogo_nik@hotmail.com","33472621678",""," ",""
"Get Fresh Cleaning VIC","Cleaning","Melbourne CBD","VIC","3000","0414 242 092","getfreshcleaningvic@gmail.com","43601564900",""," ",""
"Groundtech Geo Supplies & services","Retaining Walls","Melbourne & Victoria Wide","VIC","3000","0408 288 893","jim@groundtechgeo.com.au","81102523848","","Jim","Kounetas"
"GSR Cleaning services","Carpet & Upholstery Cleaning","Melbourne","VIC","3000"," ","info@gsrcleaning.com.au","13127460619",""," ",""
"Guest Staging","Interior Designer","Melbourne","VIC","3000"," ","sguest@guestbuildinggroup.com.au","12161510952",""," ",""
"G V Carports & Patios","Pergolas","Melbourne","VIC","3000","0407 001 558","gvcarports@mcmedia.com.au","43079023564",""," ",""
"HAIDERCONSULT","Engineering - Structural","#NAME?","VIC","3000","93605036","haider@haiderconsult.com.au","61928698860","","HAIDERCONSULT",""
"Handy Mike","Handyman","Melbourne","VIC","3000","0416 214 271","michalszustak@icloud.com","66120533424",""," ",""
"Harbach Electrical","Electricians","1 1 ST, Melbourne","VIC","3000"," ","mathew.harbach@gmail.com","15615472820",""," ",""
"Haskell Architects Pty Ltd","Architecture","Level 7 / 552 Lonsdale ST, Melbourne","VIC","3000"," ","daniel@haskell.com.au","55099347350",""," ",""
"SH Security Systems T/A Hawk Vision","Home Security Products","Melbourne","VIC","3000","0470 760 337","info@hawkvision.com.au","20618064707",""," ",""
"Hawthorn Bricklaying","Bricklaying","Melbourne","VIC","3000"," ","hawthornbricklaying@yahoo.com.au","21533926502","","Leigh","Mcpherson"
"Heathurst Coatings","Painters","Melbourne","VIC","3000","0418 351 120","steve@papdan.com","95070453155","","Stephen","Papdan"
"Hello Painting and Cleaning services","Vacuum Cleaners","Melcourne","VIC","3000","0422 475 711","hellopainting.cleaning.service@gmail.com","62364646951","","Gurnam","Singh"
"HiFlow Industries (VIC) Pty Ltd","Air Conditioning","1102/398 Lawnsdale ST, Melbourne","VIC","3000"," ","service@hiflow.com.au","46160590572",""," ",""
"Hoda Afra Design","Interior Designer","Melbourne","VIC","3000","0403 974 937","info@hodaafradesign.com.au","79254471141","","HODA","AFRA"
"Home Cleaning Melbourne","Handyman","Melbourne","VIC","3000"," ","ray@homecleaningmelbourne.com.au","89148976256",""," ",""
"HONGYANG GROUP PTY LTD","Plastering & Gyprock","Melbourne","VIC","3000","0481 116 762","djpaopao@yahoo.com.au","81603877005",""," ",""
"Hyder interiors","Interior Designer","Melbourne","VIC","3000","0409 215 888","therese@hyderinteriors.com","15980986724",""," ",""
"icaulking group","Caulking","Melbourne","VIC","3000","0432 652 658","info@icaulkinggroup.com.au","23916159722","","Mous",""
"Icon interiors","Ceilings","Melbourne","VIC","3000"," ","icon@iconinteriors.net.au","63243289936","","Gavin","Morley"
"Ideal Drape Makers (IDM)","Blinds","Melbourne","VIC","3000","0400 448 668","info@idealdrapemakers.com.au","16007222148","","Nancy","Vamvakas"
"Ideal Tiling","Tilers","Melbourne","VIC","3000","0431 534 841","info@idealtiling.com.au","94610194226",""," ",""
"Inner Bath","Bathroom","MELBOURNE","VIC","3000","0402 250 705","info@innerbath.com.au","44631723591",""," ",""
"Innovative Splashbacks - Acrylic Splashbacks","Splashbacks","Melbourne","VIC","3000","0418 548 743","elli@innovativesplashbacks.com.au","97154699368",""," ",""
"Inside-and-Out Handyman","Handyman","Melbourne CBD","VIC","3000","0405 161 110","lachlan.insideout@gmail.com","25736765947",""," ",""
"Inspect VIC","Inspections - Building","Melbourne","VIC","3000","0477 477 161","inspectvic@gmail.com","31391948445",""," ",""
"Instyle Render","Rendering","Melbourne","VIC","3000","0412 493 995","instylerender@bigpond.com","18537097659",""," ",""
"InStyle Stone & Concrete","Stonemasonry","1 Street ST, Melbourne","VIC","3000","0412 195 214","info@instylestone.com.au","90686098504","","Ido","Gat"
"interior Design AU","Interior Designer","Melbourne","VIC","3000"," "," interiordesignau@mail.com","64240962854","","Katicia","Roncevic"
"intrax Consulting Engineering","Engineering - Structural","Level 4, 469 Latrobe ST, Melb","VIC","3000"," ","Forensicorders@intrax.com.au","31106481252",""," ",""
"Ipex Plumbing And Climate Solutions","Plumbers","Melbourne","VIC","3000","0431 588 687","ipexplumbing@bigpond.com","15151931538",""," ",""
"ITAL PAint & CO","Painters","Melbourne cbd","VIC","3000","0432 427 019","roccasalva@live.it","79545982688","","Flavio","RoccaSalva"
"Ital Shutters Pty Ltd","Window Shutters","Melbourne cbd","VIC","3000","0402 435 477","admin@italshutters.com.au","23095048525","","Salvatore","Ianni"
"JACE CLEANING servicES PTY LTD","Cleaning Services - Commercial","Melbourne","VIC","3000","0430 336 079","cecilia@jacecleaning.com.au","34165086466",""," ",""
"Jace Cleaning services","Office Cleaning","Melbourne","VIC","3000","0418 990 010","cecilia@jacecleaning.com.au","34165086466",""," ",""
"Jennyfer Cleaning services","Cleaning Services - Commercial","Melbourne","VIC","3000","0413 515 422","jennyfer_truh@hotmail.com","69179608115","","Jennyfer","Trujillo"
"Jim's Skip Bins Central and Western","Rubbish Removal","Melbourne Wide","VIC","3000"," ","niko@jimsskipbins.com.au","41419351951",""," ",""
"JJ Ketsa Property","Design","Melbourne","VIC","3000","0430 800 566","viviennez@jjketsaproperty.com.au","43622633194",""," ",""
"JNH AS","Carpet & Upholstery Cleaning","Melbourne","VIC","3000","0421 788 203","jbshjy@hotmail.com","92760687514",""," ",""
"Just Plastering Pty Ltd & Just Handymans services.","Plastering & Gyprock","Melbourne","VIC","3000"," ","justplastering@justplastering.com.au","43603195624",""," ",""
"KAMARO Building Design","Drafting","Melbourne","VIC","3000","0414 761 520","george@kamarobuildingdesign.com.au","58049490939","","George","Kamaropoulos"
"Katsikas Tiling","Tilers","Melbourne","VIC","3000","0413 084 026","","56760364891","","Chris","Katsikas"
"Kennedy Concreting Group","Driveways","Melbourne","VIC","3000","0449 151 998","kennedyconcretinggroup@outlook.com","22085259627","","David","Kennedy"
"Kerstin Thompson Architects","Architecture","277 Queensberry ST, Melbourne","VIC","3000"," ","kta@kerstinthompson.com","31067225487",""," ",""
"KH Financial","Financial Planning","Melbourne","VIC","3000","0403 496 361","koresh@khfinancial.com.au","68110707193","","Koresh","Houghton"
"Khush Transport Pty Ltd","House Move","Melbourne","VIC","3000","0430 489 303","khushgill4@gmail.com","52615135432",""," ",""
"Kinesis ABC - Automated Blinds and Curtains","Blinds","Level 13, 473 Bourke ST, Melbourne","VIC","3000","0416 128 219","info@kinesisabc.com.au","62079939478","","David","Burton"
"King & Son's Plumbing","Plumbers","Melbourne, 200 Collins st ST, Melbourne","VIC","3000","0450 099 187","thepipesurgeon@hotmail.com","86634011317",""," ",""
"KINGS Security Doors (SYDNEY)","Security Screens & Doors","Melbourne","VIC","3000","0412 587 119","david@ksdoors.com.au ","71153024447","","Dan","Roche"
"Kinematics Building Solutions","Building Designer","Level 13, 473 Bourke ST, Melbourne","VIC","3000","0431 429 797","venkat@kinematics.net.au","80452317236","","Venkat","Patil"
"Kleen Experts","Window Cleaning","Melbourne","VIC","3000","0411 185 322","kleenexperts@gmail.com","49144925191","","Harpreet","Kaur"
"KLM Cleaning Solutions","Cleaning","Melbourne","VIC","3000","0490 785 154","katemcgoggan@gmail.com","84794828384",""," ",""
"La Buena Casa","Cleaning","Melbourne","VIC","3000","0487 226 625","labuenacasa.au@gmail.com","19956802437",""," ",""
"Lambert Capital","Financial Planning","L39, 55 Collins ST, Melbourne","VIC","3000","0411 114 535","mark@lambertcapital.com.au","87062654013","","Mark","Greenberg"
"La Mer Group","Kitchen Design","Melbourne","VIC","3000","0414 643 445","christina@lamergroup.com.au","66267539584","","Christina","Aloisio"
"Lavish Turf","Synthetic Turf Supply & Install","Melbourne CBD","VIC","3000","0421 947 293","david@lavishturf.com.au","95731565581","","David &","George"
"LBA Design","Landscape Architecture","4/358 Lonsdale ST, Melbourne","VIC","3000","0417 513 477","laurence@lbadesign.com.au","19064885365",""," ",""
"Lenet Group Pty Ltd","Timber Flooring","Melbourne","VIC","3000"," ","info@lenetgroup.com.au","90165778085",""," ",""
"LIQUID FLOW PLUMBING","Plumbers","Melbourne","VIC","3000","0409 382 448","liquidflowplumbing@gmail.com","27268266325",""," ",""
"Lucky's Spotless Cleaning services","Cleaning Services - Commercial","Melbourne","VIC","3000","0432 441 179","info@luckysservices.com","34841845263",""," ",""
"Lush Gardening & Landscaping","Garden Maintenance","Melbourne","VIC","3000","0451 959 066","seanwbarber@gmail.com","20827448578",""," ",""
"Lyons Building Group Pty Ltd","Building","MELBOURNE","VIC","3000","0418 329 558","dessarah@bigpond.com","26101332469",""," ",""
"M52 Construction Pty Ltd","Building","Melbourne","VIC","3000","0419 387 388","medda@optusnet.com.au","41148197193","","Brian","Meredith"
"Mach Building Group","Extensions & Additions","Melbourne","VIC","3000"," ","ronny@machbg.com.au","92139343221",""," ",""
"Melbourne Homes Painters service & General Maintenance","Handyman","1 Melbourne ST, Melbourne","VIC","3000","0415 532 728","salvot@hotmail.com","69551899418","","Tomas","Salvo"
"MA PLASTERING (Certified)","Plastering & Gyprock","Melbourne Region","VIC","3000","0410 257 759","maplastering@outlook.com","53549307109","","Kareen & Moe","watfa"
"Marc Dixon Architect","","Suite408/145 Russell ST, Melbourne","VIC","3000"," ","marc@marcdixon.com","44683729495","","Marc","Dixon"
"Mario Giumarra Carpentry","Carpenters","Melbourne","VIC","3000","0408 508 211","mariogiumarra@yahoo.com.au","68451659629",""," ",""
"Mark & Jays General Work","Handyman","St Albans","VIC","3000","0478 070 980","markfarag@gmail.com","93329908890",""," ",""
"Mark Rennie Concreting","Handyman","Melbourne","VIC","3000","0487 421 413","mrennie584@gmail.com","32391927271",""," ",""
"Matej Tiling","Tilers","Melbourne","VIC","3000","0474 482 576","mgastan86@gmail.com","31831370443",""," ",""
"Mattick Air Australia Pty Ltd","Air Conditioning","Melbourne","VIC","3000"," ","matt@mattickair.com.au","88166056257","","Matthew","Carroll"
"Maxy Property Maintenance handyman carpentry doors","Handyman","1, 1 flinders ST, melbourne cbd","VIC","3000","0433 294 275","mesutagaf@hotmail.com","98414695646","","Max",""
"M-Con Plumbing & Building Pty Ltd","Plumbers","Melbourne","VIC","3000","0418 380 882","paul@m-con.com.au","42340812028",""," ",""
"Mecene Urban Design","Town Planning","468/585 Little Collins ST, Melbourne","VIC","3000","0404 022 402","info@mecene.com.au","69166885650","","Tatjana","Medvedev"
"Mech-Struct Design","Drafting","Melbourne","VIC","3000","0408 088 201","mechanical.structural.design@gmail.com","65782958451",""," ",""
"A.B Arbor Care","Arborist","Melbourne","VIC","3000","0497 608 488","abarborcare@gmail.com","99457809505","","William","White"
"Melbourne Central interiors","Plastering & Gyprock","Melbourne","VIC","3000","0431 261 956","mcinteriors@live.com","87160928698",""," ",""
"Melbourne City Bond Cleaning","Cleaning","Melbourne Cbd","VIC","3000","0455 867 855","melbournecitybondcleaning@gmail.com","89585771214",""," ",""
"Melbourne City Cleaners","Cleaning","Melbourne Cbd","VIC","3000","0488 019 587","amber@melbournecitycleaners.com.au","69156302082","","Amber","Chapman"
"Melbourne Glass Pool Fencing","Pool Fencing","Melbourne","VIC","3000"," ","melina.stevenson@gmail.com","62488608309",""," ",""
"Melbourne Painting services","Painters","Melbourne","VIC","3000"," ","info@melbournepainting.services","42286600980","","Samuel","Sadik"
"Melbourne Trees & Hedges","Tree Felling","Melbourne","VIC","3000","1800 156 526","info@melbournetreeshedges.com.au","47573395035",""," ",""
"Melbourne Turf Supplies","Rainwater Tanks","Melbourne","VIC","3000"," ","leebaker@melbturf.optusbiz.com","38329181210",""," ",""
"Melbourne washing Machine Repair","Washing Machines","Melbourne","VIC","3000","0450 117 422","melbournewasherrepair@gmail.com","82789942498","","Roy","Zare"
"Actfast Carpentry","24\\u002F7 Emergency","10 Queens RD, Melbourne","VIC","3000"," ","actfast@bigpond.com","76106799044",""," ",""
"MG Italian Tiling","Waterproofing","Melbourne","VIC","3000","0421 661 914","mgf82@live.it","96567197162","","Marco",""
"MHB Building services Pty Ltd","Pool Builders","Mt","Martha","3000","0412 353 112","inquiry@mhbbuilding.com.au","59056023600",""," ",""
"Midas Touch Rendering","Rendering","Melbourne","VIC","3000","0401 315 758","midas_3@hotmail.com","74127245854","","Adam","Taishouri"
"Miguel Vargas","Home Cleaners","Melbourne","VIC","3000","0421 203 949","miguevm311@hotmail.com","94118520630",""," ",""
"milani concepts","Bathroom","MELBOURNE","VIC","3000","0434 599 099","harry@milaniconcepts.com.au ","11627527977","","HARRY","MILANI"
"MJ CONSTRUCTION PTY LTD","Tilers","Melbourne","VIC","3000","0426 499 842","mj7.constructions.pty.ltd@gmail.com","97721903430",""," ",""
"Fitz Kitchens & Bathrooms","Cabinet Making","Brookfield","VIC","3000","0433 033 989","kieran@fitzkitchens.com.au","17147472071","","Kieran",""
"MORC PTY LTD","Interior Designer","Melbourne","VIC","3000","0403 735 343","info@morc3.com.au","96611202610",""," ",""
"Moser Planning services Pty Ltd","Town Planning","Melbourne","VIC","3000","0403 215 255","sally.moser@moserplanning.com","38100687849","","Sally","Moser"
"MOunt CLEANING PTY LTD","Cleaning","Melbourne","VIC","3000","0430 515 407","mountcleaning@gmail.com","66142769042","","Anil","Kumar"
"Move2Move","Furniture Removal","Melbourne","VIC","3000","0433 068 680","move2move@hotmail.com","89826870581",""," ",""
"MPS Concrete & Excavation","Concreting","Melbourne","VIC","3000","0404 583 921","ozpaving@hotmail.com","42290370871","","Ozgur",""
"Musclecrete Pty Ltd","Carpet Repair & Laying","Melbourne","VIC","3000","0476 283 609","admin@musclecrete.com.au","15962415401","","Roberta","Keown"
"MW Tiling & Waterproofing","Tilers","Melbourne","VIC","3000","0424 474 904","mwtiling@outlook.com","39516058074",""," ",""
"Nasman Tiling","Floor Tiling","Melbourne","VIC","3000","0404 026 900","nas20nas20@yahoo.com","32297295711","","Mohammed","Nasman"
"Neeta Grewal Pty ltd","Painters","Melbourne","VIC","3000","0423 071 687","neeta.grewal@yahoo.com","17603861338",""," ",""
"Imaca Pty Ltd","Plumbing Installation","Melbourne","VIC","3000","0412 882 820","davidye@neopower.com.au","65145256542",""," ",""
"Network Blinds","Flyscreens","Melbourne","VIC","3000"," ","johng@networkblinds.com.au","71790556305",""," ",""
"Nguyen Fencing & Gates","Fencing","Melbourne","VIC","3000","0423 652 851","tuantrongnguyen84@gmail.com","66282360522",""," ",""
"NH Architecture","Architecture","Melbourne","VIC","3000"," ","info@nharch.net","95107591293",""," ",""
"Nicholas Papa","Renovations","Melbourne CBD","VIC","3000","0400 083 970","nicholas.papa@live.com","37452342704",""," ",""
"Nikolah interiors","Handyman","Melbourne CBD","VIC","3000","0450 902 608","info@nikolahinteriors.com.au","21503764521",""," ",""
"novello tiling","Marble Stone","Melbourne","VIC","3000","0424 903 144","giancarlonovello61@gmail.com","84654315114",""," ",""
"Novus services Group","Carpet & Upholstery Cleaning","Melbourne","VIC","3000"," ","nick.krest@novuscleaningco.com.au","24606732825",""," ",""
"NRG Efficient Homes","Building Consultants","Melbourne","VIC","3000","0401 565 629","matthew@nrgefficienthomes.com.au","98371992376",""," ",""
"O1A international Pty Ltd","Architecture","639 Little Bourke ST, Melbourne","VIC","3000"," ","atha@omiros.com.au","82143041614",""," ",""
"Office Cleaning Solutions","Carpet & Upholstery Cleaning","Melbourne","VIC","3000","0412 806 916","woodcroft.enterprises@gmail.com","74008188878","","Zig","Zelaga"
"Officekeeping","Cleaning Services - Commercial","Suite 829, 585 LITTLE COLLINS ST, Melbourne","VIC","3000","0410 841 473","hello@officekeeping.com.au","17520575680","","Mac","Smerdon"
"O'Neills Electrical services","Electricians","Melbourne","VIC","3000","0409 890 060","oneillmgnt@gmail.com","51103225109",""," ",""
"One Stop Sound and Vision","Antenna Services","melbourne","VIC","3000","0431 634 995","selim@onestopsv.com.au","56865057451",""," ",""
"onto Blinds","Blinds","Melbourne","VIC","3000","0430 555 161","ontoblinds@gmail.com","46179680280",""," ",""
"PA1.tiling Melbourne","Waterproofing","St Kilda","VIC","3000","0423 211 324","dpa1tiling@gmail.com","75724671592",""," ",""
"Paint My Life","Interior Designer","467 Cbd and surrounding APP, Melbourne","VIC","3000","0452 385 295","info@julierekha.com","90594209409","","Julie","Rekha"
"Panthom Engineering","Inspections - Building","CBD","VIC","3000","0448 645 432","peter.vossos@outlook.com","68628511919","","Peter",""
"Paramount Ceilings & interiors","Plastering & Gyprock","Melbourne","VIC","3000","0420 272 035","paramountceilingsandinteriors@hotmail.com","87160928698",""," ",""
"Path Design Studio","Landscaping & Gardening","704/350 La trobe ST, Melbourne","VIC","3000","0401 589 616","david@pathdesignstudio.com.au","56935135918",""," ",""
"Paul.M","Wallpapering","Dingley Village","VIC","3000","(03) 8555 0054","info@paulm.com.au","42164905499","","Paul","Murphy"
"Paul Raven Licenced Builder","Building","Melbourne","VIC","3000","0431 464 446","plraven59@gmail.com","77710714923",""," ",""
"Paul Read Pty Ltd","Plumbers","Melbourne","VIC","3000","0412 400 559","paul@paulread.com.au","20958769311","","Paul","Read"
"PB Bathrooms","Complete Bathroom Renovation","Melbourne","VIC","3000","0421 871 899","pbbathrooms@outlook.com","80756833491",""," ",""
"https://www.pd.net.au","Drafting","Melbourne","VIC","3000","0406 440 244","info@pd.net.au","95603186116","","Ali","Guler"
"Peppermint Clean Pty Ltd","Pressure Cleaning","Melbourne","VIC","3000","0421 725 348","lister@peppermintclean.com.au","26298645112",""," ",""
"Peppers Clean & Preen","Cleaning","Melbourne","VIC","3000","0421 139 076","peppersclean@dodo.com.au","73049213409",""," ",""
"Perfectly Clean.","Cleaning Services - Commercial","Melbourne","VIC","3000"," ","t.richter@perfectlyclean.com.au","95133333892","","Tony","Richter"
"KatSarida Pest Control","Termites","Melbourne","VIC","3000","0419 362 164","pestsolution@bigpond.com","65460374822",""," ",""
"P Holland & Co Pty Ltd","Concreting","23 Green Hills RD,","Pakenham","3000","0418 336 124","","26689911940",""," ",""
"The PHOOEY Architects","Architecture","315/343 Little Collins ST, Melbourne","VIC","3000"," ","angusmcnichol@phooey.conm.au","58484206616",""," ",""
"Plaster Smart P/L","Plastering & Gyprock","Melbourne","VIC","3000","0418 339 670","plastersmart1@bigpond.com","86115514219",""," ",""
"Plumbcat Plumbing","Plumbers","Melbourne","VIC","3000","0424 984 190","plumbcat.hipages@gmail.com","49104493128",""," ",""
"Plum Painting","Painters","Melbourne","VIC","3000","0431 208 991","mickstaaar@hotmail.com","81382657511",""," ",""
"Polygon Landscape Architecture","Landscape Design","Melbourne","VIC","3000","0424 036 884","elliot@polygonla.com.au","54605387166",""," ",""
"Paul Pritchard Landscapes","Landscaping & Gardening","Melbourne","VIC","3000","0412 346 867","paul@ppld.com.au","72088406740","","Paul","Pritchard"
"PPM GARDEN CARE AND BUILDING MAintaNCE AND HANDY WORKS","Rubbish Removal","Melbourne CBD","VIC","3000","0412 505 028","bobeluv@live.com.au","64965539051",""," ",""
"Pinnacle Property Management Pty Ltd","Painters","Melbourne","VIC","3000","0413 350 146","info@ppmpl.com.au","96608675145",""," ",""
"PREMIER PLASTERER","Plastering & Gyprock","Melbourne","VIC","3000","0404 585 658","premplaster@hotmail.com","89101395117",""," ",""
"Pro - Clean services","Cleaning","Melbourne CBD","VIC","3000","0415 111 665","ledutchgohou@hotmail.fr","19751419463",""," ",""
"Pro Natural Stone Pty Ltd","Tilers","Cbd","VIC","3000","0451 471 055","pronaturalstone@hotmail.com","71603909360","","Tayfun","Salma"
"Property Maintenance services","Handyman","Melbourne","VIC","3000","0404 755 552","chris.damos@yahoo.com.au","82118518707",""," ",""
"QD Surfacing Pty Ltd","Asphalt","Melbourne","VIC","3000","0428 086 937","butcher_ashleigh@yahoo.com","71609377308",""," ",""
"Rapid Maintenance and Constructions","Carpenters","Melbourne","VIC","3000","0416 180 041","williamahokava@gmail.com","49572925276",""," ",""
"Rapido Cleaning service","Window Cleaning","Melbourne","VIC","3000","0424 137 038","clean@rapidocleaning.com.au","88292179019",""," ",""
"RDL Cleaning","Cleaning","Melbourne CBD","VIC","3000","0439 160 309","richard.dl@hotmail.com","56752271198",""," ",""
"RED Design Group","Interior Designer","Melbourne","VIC","3000"," ","melissa.dharmaratne@reddesigngroup.com.au","13326533763",""," ",""
"Redknight Termite and Pest Control","Pest Control","Melbourne","VIC","3000","0422 385 468","redknightpc@gmail.com","82169333064",""," ",""
"Removastump","Stump Grinding","Melboune","VIC","3000","0425 736 571","removastump@netspace.net.au","19077324767","","Barry","Hodges"
"Riex Pty Ltd","Earth Moving","Melbourne CBD","VIC","3000","0414 338 774","riex.pty.ltd@gmail.com","93219168633","","Ricky","na"
"Right Klean Cleaning service","Cleaning","Melbourne CBD","VIC","3000","0449 043 030","rightklean@gmail.com","54336866345",""," ",""
"Risenn Home & Lifestyle","Interior Designer","Suite 529, 585 Little Collins ST, Melbourne","VIC","3000","0467 033 408","risennhomedecor@gmail.com","31867687722","","Risenn Home &","Lifestyle"
"Redstone Painting","Painters","Melbourne","VIC","3000"," ","rkinczel@live.com","97431559593",""," ",""
"Rob The Painter","Painters","Melbourne","VIC","3000","0413 516 635","robthepainter@optusnet.com.au","37581805689",""," ",""
"Robina Storage Centre","Storage","Melbourne","VIC","3000"," ","","46105659612",""," ",""
"Robin's Plastering service","Plastering & Gyprock","Melbourne","VIC","3000","0404 626 666","robinsia82@gmail.com","39367629932",""," ",""
"ROK Fencing","Basic Fencing","Melbounre","VIC","3000","0421 715 898","ben@gurund.com.au","14252209447","","Benjamin","Salisbury"
"Rolling Meadows Paving","Driveways","Melbourne","VIC","3000","0499 074 985","gdalli73@gmail.com","36779514967","","Gary","Dalli"
"Roof Gutter Cleaning Melbourne","Roof Repairs","Melbourne","VIC","3000","0476 610 758","enquiries@roofguttercleaningmelbourne.com.au","69614970786",""," ",""
"RSN Plumbing services","Plumbers","W & N Suburb in Melb","VIC","3000","0402 102 298","rsnplumbing@gmail.com","86094622926","","Robert","Petkovski"
"Rucus Pty Ltd","Tilers","Melbourne","VIC","3000","0425 063 211","satnam.tshire@gmail.com","30623354478",""," ",""
"Set 2 Impress Pty Ltd","Pre-Sale Styling","Melbourne","VIC","3000","0417 578 932","cabrahams@ozemail.com.au","15213564924",""," ",""
"Santo Engineering","Engineering - Structural","Melbourne","VIC","3000","0403 221 969","info@santoeng.com","88169110703","","Santo",""
"ShaikhS' Studio","Drafting","Ingleburn","NSW","3000","0416 910 030","shaikh.rahman@shaikhstudio.com","16735689714",""," ",""
"Shaiko Constructions Maintenance","Concreting","Ingleburn","NSW","3000"," ","shaiko@optusnet.com","97589288458",""," ",""
"Shine spot","Painters","Melbourne","VIC","3000","0412 819 822","shinespot@yahoo.com.au","95604687505",""," ",""
"Shockproof Electrical and data","Electricians","Melbourne","VIC","3000","0412 765 330","shockproof@outlook.com.au","83969575852",""," ",""
"Signal Security - Electronic Security","Security","Melbourne","VIC","3000","0402 069 069","sales@signalsecurity.com.au","40112761654",""," ",""
"SKILLED TILERS","Floor Tiling","Melbourne","VIC","3000","0469 752 575","vaezireza87@gmail.com","66745533755","","Reza","Vaezi"
"Skip n Tow","Garden Maintenance","Melbourne","VIC","3000","0401 526 450","skipntow@gmail.com","36468762636",""," ",""
"Skips On Wheels","Rubbish Removal","Melbourne","VIC","3000","0401 959 394","skipsonwheels@outlook.com","85488200275",""," ",""
"SKYHAWK Property Maintenance","Handyman","Suite 609, Level 6, 530 Little Collins ST, Melbourne","VIC","3000","0457 810 240","info@skyhawkgroup.com.au ","64243203697","","Gaurav","Gaur"
"Smitcon Consulting Building Surveyors","Building Certifiers","PO Box 2512, Melbourne","VIC","3000","0418 417 904","stephen@smitcon.com.au","67604703504","","Stephen","Smith"
"Smith & Arrow","Hardware","PO Box 2512, Melbourne","VIC","3000"," ","","17644859634",""," ",""
"SN Fencing Melbourne CBD","Glass Balustrades","Melbourne","NSW","3000"," ","info@snfencing.com.au","51077275582",""," ",""
"SN Fencing","Pool Fencing","Melbourne","NSW","3000","0419 501 557","info@snfencing.com.au","51077275582",""," ",""
"Sora Painting","Painters","Melbourne","VIC","3000","0420 770 163","sr.bayati2011@yahoo.com","59546274253",""," ",""
"Soul in Stone Painting & Artistic Work","Handyman","Melbourne","VIC","3000","0413 370 797","phucdang2050@gmail.com","29168733647",""," ",""
"Southeast Solar Australia","Solar Power","MELBOURNE","VIC","3000","0490 733 585","mario@southeastsolar.com.au","32215695306","","George","Kiourtis"
"Southern Belle","Interior Designer","Melbourne","VIC","3000","0411 465 197","arabella@southernbelle.com.au","11611532486",""," ",""
"Southie House Movers","Furniture Removal","South Melbourne","VIC","3000","63449041326","jay.bulma@gmail.com","85381154827",""," ",""
"Schmidt and Pang Architects","Architecture","Melbourne","VIC","3000","0439 309 888","office@sp-arc.com.au","27168968803",""," ",""
"Spectrum Australia Group Pty Ltd","Interior Designer","Melbourne","VIC","3000"," ","info@spectrumaust.com.au","71183913295",""," ",""
"Sphere Electrical","Electricians","Melbourne","VIC","3000","0431 416 657","peterammoun@icloud.com","58162088753","","Peter","Ammoun"
"Spirit Building Group","Commercial","Melbourne","VIC","3000","0410 714 341","tammouz@spiritbuild.com","44665501849",""," ",""
"Spirit Level Carpentry","Carpenters","Melbourne","VIC","3000","0412 401 235","spiritlevelcarpentry@hotmail.com","51141741149","","Andrew","Rogers"
"Spirit of Glass","Stained Glass","Melbourne","VIC","3000"," ","kirsten@spiritofglass.com.au","34630341805",""," ",""
"SRM Tiling services","Tilers","Melbourne","VIC","3000","0469 927 626","srm_222@yahoo.com","61499094327",""," ",""
"Stage Me Melbourne","Interior Designer","Melbourne","VIC","3000","0438 202 270","enquiries@stagememelbourne.com.au","68617332337","","Athanasia","Corso"
"StarTurf","Lawn & Turf","Melbourne","VIC","3000","0466 870 096","cuid.aus@gmail.com","28162010335",""," ",""
"State Welding services","Welding","Melbourne","VIC","3000","0467 837 505","shorty_mmahfoud@hotmail.com","57384275135",""," ",""
"State Wide Access","Equipment Hire","Melbourne","VIC","3000"," ","kirsty@statewideaccess.com.au","33075150024",""," ",""
"Stradcorp","Carpet & Upholstery Cleaning","Melbourne CBD","VIC","3000","0430 924 502","info@stradcorp.com.au","37613477375","","Sam","Raj"
"Superior Shower Seals & Tiling","Tilers","Melbourne","VIC","3000","0473 899 735","superiorshowerseals@gmail.com","91189419646","","anthony","Huckel"
"SuperPartner Construction P/L","Plastering & Gyprock","South East Melbourne","VIC","3000","0451 191 217","jing_shi_91@hotmail.com","96609739933",""," ",""
"Suzie Cleaner","Cleaning","Melbourne CBD","VIC","3000","0455 026 162","suezshaw@icloud.com","35292760793",""," ",""
"Swish interiors","Colour Consultancy","Melbourne","VIC","3000","0438 883 431","clareabroad@gmail.com","24523809593",""," ",""
"Tailored Building Group","Carpenters","Melbourne","VIC","3000","0400 667 713","determinedbrad@gmail.com","79275208226","","Brad","Evans"
"Techne Architecture & interior Design","Interior Designer","Melbourne","VIC","3000"," ","info@techne.com.au","40127720745",""," ",""
"The Green Factory Pty Ltd","Building Consultants","Melbounre","VIC","3000","0432 598 322","grasiele@thegreenfactory.com.au","52141218617","","Grasiele","Gewehr"
"The Lovely Host","Cleaning","Melbourne","VIC","3000","0452 536 681","admin@thelovelyhost.com.au","86479645524",""," ",""
"The Mop Squad","Gutter Cleaning","Melbourne","VIC","3000","0407 557 377","admin@themopsquad.com.au","35030829845",""," ",""
"Tint Shield","Window Tinting","43 Danfield DRV, Melbourne","VIC","3000","0488 188 804","julie@tintshield.com.au","15851890927",""," ",""
"Tint Tech","Window Tinting","43 Danfield DRV, Melbourne","VIC","3000","0403 990 592","info@tinttech.com.au","61866394896",""," ",""
"Tongdak pty ltd","Handyman","Meloburne","VIC","3000","0404 113 733","melbournehousemaster@gmail.com","21612272385",""," ",""
"Tony and Steve delivery and removal service","Furniture Removal","Melbourne","VIC","3000","0424 546 531","tony_rusev@hotmail.com","89147703741",""," ",""
"Top Notch Tiling & Waterproofing","Tilers","Melbourne","VIC","3000","0412 144 544","elhalabi.charbel@gmail.com","50614989347",""," ",""
"Trusted Guardians","Cleaning","Melbourne","VIC","3000","0415 782 219","kathleen.pistone@live.com.au","20741977265","","Kathleen Bianca","Pistone"
"Unique Cleaning Management","Carpet & Upholstery Cleaning","Melbounre","VIC","3000","0433 090 031","info@uniquecleaning.com.au","48065957476","","Lexi","Chhina"
"Ultimate Chippy","Shopfitters","Melbourne CBD","VIC","3000","0476 161 560","info@ultimatechippy.com.au","94197310761","","Natalie","Kubay"
"Ultimate Decking Co","Decking","Melbourne CBD","VIC","3000"," ","ultimatedeck@aapt.net.au","38265245544",""," ",""
"UltralecElectricalservices","Electricians","Melbourne","VIC","3000","0418 387 745","steveroy@ultralec.com.au","39069624317","","Stephen","Roy"
"United Home services","Cleaning","Melbourne","VIC","3000"," ","dianne@unitedhomeservices.com.au","31587537342",""," ",""
"Urban Creative","Architecture","Melbourne","VIC","3000","0458 301 016","andrew@urbancreativestudio.com.au","76775176701","","Andrew","Milward-Bason"
"Urban Edge interior Design","Colour Consultancy","Melbourne","VIC","3000","0458 115 016","urbanedge.interiordesign@outlook.com","26774990149",""," ",""
"Ursgal Zam Pty Ltd","Homewares","Melbourne","VIC","3000","0449 566 647","sharon_room@hotmail.com","89150476716",""," ",""
"V - Arc","Interior Designer","3/77 Lonsdale ST, Melbourne","VIC","3000"," ","office@v-arc.com.au","63997447457",""," ",""
"Vic Wide Group","Demolition","Melbourne","VIC","3000","0400 111 131","vicwidedemo@gmail.com","84357250562",""," ",""
"Visual Style","Pre-Sale Styling","Melbourne","VIC","3000","0411 463 116","felicity@visualstyle.com.au","19151219523",""," ",""
"Voir Tile","Tilers","Melbourne","VIC","3000","0430 149 116","voirtiling@gmail.com","14580038938",""," ",""
"We Are Human Design Pty Ltd","Interior Designer","Melbourne","VIC","3000"," ","info@wahdesign.com.au","46124557722",""," ",""
"water Stone Energy","Solar Power","Melbourne","VIC","3000"," ","info@waterstoneenergy.com.au","76488708132","","Wilson",""
"La Maison interior Styling","Interior Designer","Melbourne","VIC","3000","0421 635 965","elly.kakaletris@lamaisonhomedecor.com","99094893654",""," ",""
"Wez Robins Joinery","Kitchens","Melbourne","VIC","3000","0419 307 392","wesrobinskitchen@bigpond.com","43016933246",""," ",""
"WHDA","Architecture","Suite 110, Level 1, 282-284 Collins ST, Melbourne","VIC","3000","0414 838 317","office@whda.com.au","45600617829",""," ",""
"World Light Electrical Pty Ltd","Electricians","Melbourne University","VIC","3000","0431 291 048","info@worldlightelectrical.com.au","49607843005",""," ",""
"Yasin's Plumbing Company","Drains","Melbourne CBD","VIC","3000","0447 077 131","nayeb_yasin@yahoo.com.au","26802020367",""," ",""
"YC Cleaning service","Cleaning","Melbourne","VIC","3000","0415 430 895","yoenelis@yahoo.fr","22401571976",""," ",""
"Yes Furniture Australia","Furniture - Custom Design","Melbourne","VIC","3000","0435 223 328","colin223328@yahoo.com","61792028872",""," ",""
"Yingsyuan Huang","Landscape Design","Melbourne","VIC","3000","0451 381 668","layxhuang@gmail.com","27954175259",""," ",""
"YKM Construction","Timber Flooring","19 ST CRCLE, MELBOURNE","VIC","3000","0430 740 240","ykmconstruction@outlook.com","25616364982",""," ",""
"YKS Maintenance","Handyman","19 ST CRCLE, MELBOURNE","VIC","3000","0419 553 337","yk@yks.com.au","26805361795",""," ",""
"Your Building Advisor - RCH Unit Trust","Building Consultants","Melbourne","VIC","3000","1300 599 640","enquiries@yourbuildingadvisor.com.au","90244251355",""," ",""
"Yu Carpentry services","Handyman","Melbourne","VIC","3000","0434 272 398","newszhao-001@163.com","66206108671",""," ",""
"Zeropest Australia 1800 38 66 55","Pest Control","LEVEL 9, 440 COLLINS STREET AL, MELBOURNE","VIC","3000","1800 386 655","info@zeropests.com.au","41380244622","","Darren","Green"
