"business_trading_name","category","suburb","state","post_code","phone_number","email","ABN","logo","first_name","last_name"
"Advance Constructions SA","Building","Unit 2, 3 Somley ST, Maidstone","SA","3012","0413 646 538","patroklosmichaelides@gmail.com","90312058113",""," ",""
"Affix Glass","Glass & Glazing","Fory 25 12-20 James CRT, Tottenham","VIC","3012","0433 470 440","affixglass@optusnet.com.au","79610910221","","ante","Radic"
"AI Solar & Electrical service Pty Ltd","Solar Power","Brooklyn","VIC","3012","0409 977 419","info@aiservice.com.au","16622631458","","Yong","Zhao"
"AJ's Rubbish Removal and Garage Organise/Clean","Cleaning","West Footscray","VIC","3012","0432 277 562","navindu-04@hotmail.com","30083521155",""," ",""
"A' La Carte Homes Pty Ltd","Building","Maidstone","VIC","3012"," ","daniel@alchomes.com.au","14976481575",""," ",""
"Allsteel Welding","Gates","Brooklyn","VIC","3012","0424 747 959","bilal_souki@hotmail.com","89909700814","","Bilal","Souki"
"ARAM MASTER PAinteR","Painters","Kingsville","VIC","3012","0410 404 804","arampainting@yahoo.com.au","53810142963",""," ",""
"Ashes Fire Group","Fire Protection Materials","14 / 640 Geelong RD, Brooklyn","VIC","3012"," ","ashesfiregroup@gmail.com","81884295376",""," ",""
"A & S Timber Floors Pty Ltd","Timber Flooring","Kingsville","VIC","3012","0409 088 882","vincent@outlookaandstimberfloors.com.au","72103780507",""," ",""
"A&S Timber Floors Pty Ltd","Timber Flooring","Melbourne","VIC","3012"," ","vincentans@outlook.com","72103780507","","Vincent","Ngan"
"Aussie Landscapes","Garden Maintenance","KINGSVILLE","VIC","3012","0424 580 227","aussielandscraper@gmail.com","19372354130","","Julian","Edmonds"
"Avram Electrical","Electricians","Brooklyn","VIC","3012","0425 042 801","avramelectrical@gmail.com","99565627520","","Daryl","Avram"
"Avram Electrical services","Electricians","9 Richards CRT, Brooklyn","VIC","3012","0425 042 801","daryljamesavram@hotmail.com","99565627520",""," ",""
"Barkly Glass","Glass & Glazing","496 Barkly ST, West Footscray","VIC","3012"," ","sales@barklyglass.com","98006892986",""," ",""
"Baseplate","Drafting","West Footscray","VIC","3012","0412 126 512","darren@baseplate.com.au","16359514595",""," ",""
"BM Plastering Co","Plastering & Gyprock","Melbourne","VIC","3012","0449 191 116","bmplasteringco@gmail.com","78730535714",""," ",""
"Bruce Filley Carpentry and Furniture Design","Furniture - Custom Design","Kingsville","VIC","3012","0418 548 154","bfilley8@gmail.com","42741124132","","Bruce","Filley"
"BST Property Tile & Stone","Tilers","Maidstone","VIC","3012","0423 913 121","seftilinggroup@rocketmail.com","24266152244","","Sefat Ali","Sultani"
"Calibre Painting","Painters","Sunshine West","VIC","3012","0469 422 650","reza1749@gmail.com","83451642395",""," ",""
"Castell Landscapes","Garden Maintenance","West Footscray","VIC","3012","0414 562 614","thejinx66@hotmail.com","91723243968",""," ",""
"Castel Timbers Pty Ltd","Timber Floor Coatings","West Footscray","VIC","3012","0419 894 795","casteltimbers@gmail.com","81569508516",""," ",""
"Click Cabinet Installer","Cabinet Making","Kingsville","VIC","3012"," ","jgodranah@gmail.com","52570354625","","Kevin","Godranah"
"CST Cleaning services","Window Cleaning","West Footscray","VIC","3012","0412 854 246","info@cstcleaningservices.com.au","48601710463",""," ",""
"CW Electrical & Automation","Electricians","West Footscray","VIC","3012","0420 654 383","ryanmcw@outlook.com.au","72269348552","","Ryan","Curwen-Walker"
"Ology","Landscaping & Gardening","Maidstone","VIC","3012","0412 698 259","damianbateson@yahoo.com.au","43971749200","","Damian","Bateson"
"Dan's Tiling services","Tilers","Maidstone","VIC","3012","0424 174 676","itzdaasp@gmail.com","60224163107","","Daniel","Aspiotis"
"Design and Construct","Furniture - Custom Design","Seddon","VIC","3012","0418 548 154","bfilley8@gmail.com","42741124132","","Bruce","Filley"
"DS Painting","Painters","Maidstone","VIC","3012","0451 011 098","dinhsonquach@gmail.com","29884951588",""," ",""
"Discount Carpet Clearance","Carpets","Maidstone","VIC","3012"," ","discountcarpetclear@gmail.com","32071234538",""," ",""
"Discount Cement Rendering","Rendering","Maidstone","VIC","3012","0421 899 571","discountrendering@hotmail.com","32514766433","","Bill","Dincel"
"Discount Concrete Paving","Concreting","Maidstone","VIC","3012","0411 637 250","mpetrone4@bigpond.com","90518417261","","Mark","Petrone"
"Discount Curtains","Blinds","Maidstone","VIC","3012"," ","susan_63@bigpond.com","71396515027","","SuSan","Molloy"
"DJT Painting","Painters","Maidstone","VIC","3012","0414 315 765","dragan1974@hotmail.com.au","29403843400",""," ",""
"EJF Cleaning Solutions","Cleaning","WEST FOOTSCRAY","VIC","3012","0403 332 885","info@ejfcleaningsolutions.com.au","21172940190","","Joanna","Sawan"
"Fencing, Landscaping & Concreting","Fencing","Maidstone","VIC","3012","0403 307 757","allfencesaustralia@hotmail.com","11399725835",""," ",""
"Fencing Your Home (western suburbs only)","Timber","Maidstone","VIC","3012","0418 147 733","matthewpapadopoulos@yahoo.com.au","75492864183",""," ",""
"Garro interior Design","Interior Designer","West Footscray","VIC","3012","0413 803 344","info@garrointeriordesign.com.au","52023050833",""," ",""
"GM & S Painting services","Painters","Kingsford","VIC","3012"," ","gmspaintingservices1@gmail.com","68281918184","","Savvas and Jimmy","Mann"
"Good Connections Electrical & Air Conditioning","Air Conditioning","Brooklyn","VIC","3012","0439 389 015","paul.simmons@psgfacilityservices.com","63986069231","","Paul","Simmons"
"Grand Tiling","Tilers","MAIDSTONE","VIC","3012","0405 748 068","barimiska@hotmail.com","96762272740","","Bari","Miska"
"Grey Company Cranes","Crane","Brooklyn","VIC","3012","0418 814 645","greycocranes@gmail.com","61600501175",""," ",""
"HANDYCARE MAN","Handyman","Maidstone","VIC","3012","0411 399 269","handycareman@gmail.com","22614113482",""," ",""
"Zenith Home Garden Decor","Garden Supplies","Tottenham","VIC","3012","0439 838 833","info@homgardendecor.com.au","37867110273",""," ",""
"Homes Built Pty Ltd","Carpenters","Melbourne CBD","VIC","3012","0434 022 951","homesbuilt@hotmail.com","42144910574","","Manny","Austin"
"Hong Van Builders","New Home","Maidstone","VIC","3012"," ","admin@hongvanbuilders.com.au","44585726979",""," ",""
"IB PAintiNG servicES PTY LTD","Painters","Maidstone","VIC","3012","0433 217 867","hamid1wd@hotmail.com","97622844026",""," ",""
"Bruce Griffiths & Sons Pty Ltd","Commercial","West Footscray","VIC","3012"," ","contact@industrialbuilders.com.au","66536173886",""," ",""
"intek Electrical","Electricians","MAIDSTONE","VIC","3012","0432 249 536","hello@intekelectrical.com.au","74696996674",""," ",""
"IRS inteRNATIONAL PTY. LTD.","Electricians","Brooklyn","VIC","3012"," ","tfernando@irsaust.com","20129901122","","Travis","Fernando"
"JZ Waterproofing","Waterproofing","MAIDSTONE","VIC","3012","0457 770 957","james@jzwaterproofing.com","77662101882","","James","Zhang"
"Kate Vernon Architects","Extensions","Kingsville","VIC","3012","0438 100 677","kate@katevernonarchitects.com","24160822538",""," ",""
"Katty Cleaning services","Home Cleaners","Maidstone","VIC","3012","0430 888 120","katty_cleaningservices@hotmail.com","56323238282",""," ",""
"Kevins Cabinet making & Joinery","Cabinet Making","Maidstone","VIC","3012","0411 191 949","kevin.triet.vo@gmail.com","21107991538",""," ",""
"Kirby Concreting","Driveways","Kingsville","VIC","3012","0414 149 490","kirbyconcreting@gmail.com","86812527190","","Dominic","Kirby"
"K - Mark Home Maintenance","Handyman","MAIDSTONE","VIC","3012"," ","","65687373418",""," ",""
"Kyron Cook Decorating","Painters","Brooklyn","VIC","3012","0416 252 920","kc.painting.decorating@gmail.com","63661684766","","Kyron","Cook"
"Laser Electrical Yarraville","Electricians","44 Wales ST, Kingsville","VIC","3012"," ","yarraville@laserelectrical.com.au","90561149572","","Erin","Bull"
"L&N Painting & Building services","Painters","Maidstone","VIC","3012","0424 987 668","build.services79@gmail.com","18455601896","","Hoan","Le"
"L & N services Expert","Electricians","Maidstone","VIC","3012","0419 010 762","kevin@landnexpert.com.au","67006117003",""," ",""
"Marino Builders","Fencing","Maidstone","VIC","3012","0447 552 323","marino_builders@hotmail.com","65591214414",""," ",""
"Market Timbers","Decking","471 Somerville RD, Brooklyn","VIC","3012"," ","rez@markettimbers.com","64077722804",""," ",""
"MCS Property services","Handyman","Brooklyn","VIC","3012","0499 997 119","markcharlesstuart@gmail.com","46553807605",""," ",""
"Melbourne West House Inspections","Inspections - Building","Brooklyn","VIC","3012","0499 655 470","info@melbournehouseinspection.com.au","19732322892",""," ",""
"Metro All Tree services","Garden Maintenance","Tottenham","VIC","3012","0419 533 338","enquiries@metroalltreeservices.com.au","69671789667",""," ",""
"Metroplant","Driveways","West Footscray","VIC","3012","0428 003 774","seo@metroplant.com.au","81152055359","","Jez","Menzel"
"Miller Plant Equipment","Excavation","759 Geelong RD, BROOKLYN","VIC","3012"," ","millerplant2001@yahoo.com.au","88078903956",""," ",""
"MK Carpentry","Carpenters","Brooklyn","VIC","3012","0416 983 913","mk.carpentry@outlook.com","61439744757","","Matt","Knight"
"MM Constructing","Carpenters","Kingsville","VIC","3012","0434 161 369","marcusmaingay@gmail.com","91192391045",""," ",""
"Mokon build","Building","BROOKLYN","VIC","3012","0400 104 000","zafer@mokon.com.au","39543884960","","Zafer","Khodr"
"Motif Upholstery Furniture","Furniture - Custom Design","Kingsville","VIC","3012","0428 525 854","james@motiffurniture.com.au","88450518262",""," ",""
"MWL Electrical Co","Electricians","123 Suffolk ST, West Footscray","VIC","3012"," ","mark.lambert@mwlelectricalco.com","32076388115","","mark",""
"Neelkanth Cleaning","Cleaning Services - Commercial","Footscray","VIC","3012","0470 701 096","joshidishant61@gmail.com","34206610544",""," ",""
"NT Handy and Decor","Handyman","Maidstone","VIC","3012","0402 328 994","jacknghiavo@gmail.com","94236534497",""," ",""
"NY Building Construction","Tilers","Docklands","VIC","3012","0412 066 225","miracle.construction.pl@gmail.com","92914605118","","Jack","Won"
"Open Circuit Electrical","Electricians","Brooklyn","VIC","3012","0478 068 222","ysumali@yahoo.com","98227102578",""," ",""
"Oria Building Group","Inspections - Pest","Maidstone","VIC","3012","0425 817 372","oriagroup@hotmail.com","90160314090","","Daniel","Petroni"
"PazStone Pty Ltd","Kitchen","62-70 Export DRV, Brooklyn","VIC","3012"," ","sam.failla@paz.com.au","83758959010",""," ",""
"P.B Brick & Blocklaying","Bricklaying","MAIDSTONE","VIC","3012","0433 295 990","patrick_bednarek@hotmail.com","38172448768","","Patrick","Bednarek"
"PBS Handyman services","Handyman","Maidstone","VIC","3012","0432 379 177","tradesmainworx@gmail.com","50101108132","","Jarlath",""
"Pekaj Group Pty Ltd.","Quantity Surveyors","Maidstone","VIC","3012","0402 045 256","coba_1978@hotmail.com","40151292992",""," ",""
"PFK Property services","Bathroom Accessories","West Footscray","VIC","3012","0439 456 735","pfkproperties@optusnet.com.au","83948856220",""," ",""
"Pinci painting","Painters","MAIDSTONE","VIC","3012","0401 496 239","daniele.pinci@gmail.com","96374821168","","Daniele","Pinci"
"Premiair","Air Conditioning","Brooklyn","VIC","3012","0438 314 268","info@premiergroup.com.au","27335655155",""," ",""
"PREMIER SYnthETIC GRASS","Lawn & Turf","BROOKLYN","VIC","3012"," ","sam@premiergrass.com.au","52602741686",""," ",""
"PRIDEWORKFORCE PTY LTD","Window Cleaning","Maidstone","VIC","3012","0405 819 572","pthayan2@gmail.com","67610859142",""," ",""
"Professional construction & maintenance","Decking","West Footscray","VIC","3012"," ","vince@pcmvic.com.au","56136653173",""," ",""
"Project Management Melbourne","Handyman","West Footscray","VIC","3012","0402 937 476","ben@pmsmelbourne.com","94421465068","","Ben","Davies"
"Proof Seal","Waterproofers","Maidstone","VIC","3012","0401 322 006","proofseal@hotmail.com","90266741108",""," ",""
"PSG Facility services","Data Cabling","Brooklyn","VIC","3012","0439 389 015","service@psgfacilityservices.com","63986069231",""," ",""
"Quinn's Painting & Decorating","Painters","Maidstone","VIC","3012"," ","quinnjeremy89@gmail.com","66406133068",""," ",""
"Rapid Rendering","Rendering","5/ 243a Sunshine RD, West Footscray","VIC","3012","0479 109 420","info@rapidrenderingbrisbane.com.au","57902587860",""," ",""
"Rapid Removals & Storage","Cleaning","5/ 243a Sunshine RD, West Footscray","VIC","3012","0414 953 262","info@rapidremovals.com.au","90497172635",""," ",""
"R. E. Knox Plumbing","General Maintenance","Maidstone","VIC","3012"," ","ron@bollardsolutions.com.au","25337101298",""," ",""
"R. J. Earnshaw Upholstery","Upholstery Repair","Maidstone","VIC","3012"," ","rjupholstery@hotmail.com","26050066781",""," ",""
"RPL AUSTRALIA Professionals","Landscape Construction","MAIDSTONE","VIC","3012","0423 766 934","rpl.australia@rplaustraliagroup.com.au","53831988479",""," ",""
"Scenic Products","Retractable Screen Suppliers","3/225 Sunshine RD, Tottenham","VIC","3012","0411 848 992","info@scenicproducts.com.au","66007367811",""," ",""
"SD Kinetic Studios","Furniture - Custom Design","110 Roberts st ST, West Footscray","VIC","3012","0413 150 621","sean@sdkineticstudios.com","45117991938","","Sean","Diamond"
"Sharp Point Pty Ltd","Shopfitters","Brooklyn","VIC","3012"," ","info@sharpoint.com.au","86129748830",""," ",""
"Shey Window Cleaning","Window Cleaning","West Fotscray","VIC","3012","0424 302 525","shey@sheywindowcleaning.com.au","39405539082",""," ",""
"Sparkling Cleaning services","Cleaning","Maidstone","VIC","3012","0420 692 609","appadoosweta@gmail.com","87173862531",""," ",""
"Specific Steel","Fencing","Brookland","VIC","3012"," ","specificsteel@hotmail.com.au","26129690575",""," ",""
"Starfish Energy","Solar Power Accessories","Brooklyn","VIC","3012","0451 551 030","sales@starfishenergy.com.au","24161138843",""," ",""
"Superior House Painter","Painters","Maidstone","VIC","3012","0490 192 225","alibarati78@gmail.com","65188948504",""," ",""
"The Dirt Buster Cleaning service","Vacuum Cleaners","West Footscray","VIC","3012","0416 886 428","shinvyen@gmail.com","54485671230",""," ",""
"Tile N' Stone Envy","Tilers","Shop 1/535 Geelong RD, Brooklyn","VIC","3012"," ","bianca@tilenstone.com.au","59002744283","","Tile N' Stone","Envy"
"Tiling & Waterproofing services","Tilers","Maidstone","VIC","3012","0452 375 307","syd.raza123@gmail.com","28714129323",""," ",""
"TJL Constructions","Painters","Kingsville","VIC","3012","0412 784 692","tones.7@hotmail.com","53165870637","","Tony","Lewis"
"TJL Painting Contractors","Painters","Kingsville","VIC","3012","0416 022 382","tim@tjlpainting.com.au","14140160149","","Tim","Langoulant"
"TOP QUALITY CLEANING AND MAinteNANCE servicES","Home Cleaners","West Footscray","VIC","3012","0467 454 269","topqcms@gmail.com","41873948877",""," ",""
"Touks Pty Ltd","Tilers","WEST FOOTSCRAY","VIC","3012","0409 534 702","matthewthurley3012@gmail.com","90137248616",""," ",""
"TPG Trademark Property Group P l","Building","MAIDSTONE","VIC","3012","0412 604 551","darrenbrown4666@gmail.com","59076586097","","Darren","Brown"
"Valmar Renovations","Handyman","West Footscray","VIC","3012","0417 118 720","info@valmarrenovations.com.au","48512165012",""," ",""
"Varcon Group","Building","Maidstone","VIC","3012","0418 563 120","michael@varcon.com.au","35098338437",""," ",""
"Vardanega Carpentry","Carpenters","Maidstone","VIC","3012","0429 422 297","daniellvardanega@yahoo.com","37390527435",""," ",""
"VNT Timber Trading","Timber Flooring","Maidstone","VIC","3012","0402 932 077","vnttimber@yahoo.com.au","12470342449",""," ",""
"Vogel Bobcat Hire Pty Ltd","Landscaping & Gardening","Maidstone","VIC","3012","0407 728 613","","22009722294","","Laurie","Vogel"
"wastex","Rubbish Removal","10 Richards ST, Maidstone","VIC","3012"," ","nick@contranslogistics.com.au","69201399382","","Vince","Riviera"
"wastex Australia","Rubbish Removal","Footscray West","VIC","3012"," ","bookings@contranslogistics.com.au","69201399382",""," ",""
"Wei Chen Cleaning services","Home Cleaners","Maidstone","VIC","3012"," ","weichen2001@yahoo.com.au","96800770187",""," ",""
"Westcom Electrical","Lighting Suppliers","Kingsville","VIC","3012"," ","westcomelec@gmail.com","37217458239",""," ",""
"Westport Construction","Building","WEST FOOTSCRAY","VIC","3012","0401 510 909","westportvic@gmail.com","17967485540",""," ",""
"water Wise water Trucks","Water Pumps","24 Richards ST, Maidstone","VIC","3012"," ","amanda@wwwatertrucks.com","67102925119","","Amanda","Collison"
"Zenith Home Garden Decor","Furniture - Outdoor","fory 5 12-20 James CRT, Tottenham","VIC","3012","0439 838 833","locky@homegardendecor.com.au","37867110273","","Locky","Nguyen"
"Zip Clean Pty Ltd","Cleaning","Kingsville","VIC","3012","0468 726 088","mr.zipcleaning@gmail.com","97163894488",""," ",""
