"business_trading_name","category","suburb","state","post_code","phone_number","email","ABN","logo","first_name","last_name"
"Ace Concreting","Driveways","13 Catona CRS, Cobram","VIC","3644","0418 577 966","sbacchet@bigpond.net.au","63117469995",""," ",""
"All Clean Team","Cleaning","Yarroweyah","VIC","3644","0427 886 378","cjmcarthur64@gmail.com","49297525131",""," ",""
"Australian Native Farm Forestry","Nurseries","6 Cobrawonga RD, Cobram East","VIC","3644","0417 123 432","admin@iwanttrees.com.au","12417089221",""," ",""
"Bec Group Electrical Contractors","Electricians","Cobram","VIC","3644","0428 565 747","becgroup@bigpond.com.au","12112829142",""," ",""
"Ben's Carpentry","Carpenters","Cobram","VIC","3644","0448 805 980","saintors@hotmail.com","67320056392","","Ben","McNeill"
"Bonx Painting","Painters","Cobram","VIC","3644","0417 579 265","philboncaldo@hotmail.com","98262120466",""," ",""
"Bronco's Fencing","Fencing","61 BroadWay ST, Cobram","VIC","3644","0428 734 211","broncosfencing@bigpond.com","76601351456",""," ",""
"Cobram Kitchens and Cabinets","Kitchen","Cobram","VIC","3644","(03) 5871 1625","sales@cobramkitchensandcabinets.com.au","63864309474",""," ",""
"Cobram Barooga Locksmiths","Locksmiths","Shop 3, 91 BroadWay ST, Cobram","VIC","3644","0417 512 327","info@cobrambaroogalocksmiths.com.au","83474257892","","Marcus","Fry"
"Cobram Bolt Supply & Hire","Equipment Hire","Shop 3, 91 BroadWay ST, Cobram","VIC","3644"," ","","51692519901",""," ",""
"Cobram Central Nursery","Garden Supplies","Cnr Murray Cobram","VIC","3644"," ","","46006962732",""," ",""
"Cobram Curtains & Blinds","Blinds","73 High ST, Cobram","VIC","3644"," ","cobramcurtains@bigpond.com","57766074316","","Gavin","Woollard"
"COBRAM REFRIGERATION & AIR CONDITIONING PTY LTD","Appliance Repairs","Cobram","VIC","3644","0429 172 446","cobramrefrig@bigpond.com","26158551734","","Jason","Nye"
"Crestani concreting","Concrete Resurfacing","COBRAM","VIC","3644","0412 541 619","henry.crestani@gmail.com","57123624716","","Enrico","Crestani"
"Daniel Vrana Mowing & Labouring Cobram","Lawn Mowing","Cobram","VIC","3644","0423 870 003","daniel.v.vrana@gmail.com","83576549077",""," ",""
"Fine Line Painting and Rendering","Painters","Cobram","VIC","3644","0439 854 090","finelinepaint@hotmail.com","28462198176","","Vincenzo","Nicosia"
"Joel Kirk Landscapes","Landscaping & Gardening","Cobram","VIC","3644","0447 976 149","joelckirk@hotmail.com","86019030858",""," ",""
"Katty East Engineering","Sheds","Cobram","VIC","3644"," ","info@kattyeast.com.au","45619494923",""," ",""
"K'n'S Power Cleaning","Cleaning","Cobram","VIC","3644","0456 101 914","knspowercleaning@outlook.com","39274949700",""," ",""
"Leighs Painting","Painters","Cobram","VIC","3644","0429 210 447","leighspainting@hotmail.com","11923009249","","Leigh","Vaughan"
"Moorhead Laser Grading Pty Ltd","Excavation","Cobram","VIC","3644","0438 722 128","moorheadlaser@yahoo.com.au","99082779477",""," ",""
"Oasis Homes Australia P/L","Building","Cobram","VIC","3644","0418 575 173","john@oasishomes.com.au","78006732878",""," ",""
"O'Dwyer Landscaping & Irrigation","Landscaping & Gardening","Cobram","VIC","3644","0402 366 062","odwyerben@hotmail.com","99602364745",""," ",""
"PDH Cleaning","Handyman","Barooga","NSW","3644","0456 560 727","philmar21@bigpond.com","32883460603","","Phil","Humphries"
"Scot Carpentry & Joinery","Carpenters","Cobram","VIC","3644","0437 993 775","scot.jonesy@yahoo.com.au","44208274291","","Darren","Jarzyna"
"Shane's Carpet/Vinyl Layer","Carpet Repair & Laying","Cobram","VIC","3644","0417 292 617","barbetti89@outlook.com","32477618866",""," ",""
"Skip Biz Bins","Skip & Truck Hire","Cobram","VIC","3644","0407 050 529","skipbizbins@bigpond.com","71320905706","","Graeme","Hollister"
"Steven Burns Concrete Contractor","Driveways","Cobram","VIC","3644","0400 264 146","burner3@bigpond.com","53801145677",""," ",""
"Woods Carpentry","Decking","Cobram","VIC","3644","0418 362 813","woodzies4eva@hotmail.com","86696953113","","Luke","Woods"
