"business_trading_name","category","suburb","state","post_code","phone_number","email","ABN","logo","first_name","last_name"
"A & F Peterkin Earthmovers","Earth Moving","Warrenheip","VIC","3352","0418 511 065","info@afpe.com.au","97244691427",""," ",""
"Ampt Electrical","Electricians","Miners Rest","VIC","3352","0437 385 300","amptelec8@bigpond.com","27446706765",""," ",""
"Ballarat Big Vac","Pressure Cleaning","Clarendon","VIC","3352","0409 503 778","ballaratbigvac@live.com.au","39905288238",""," ",""
"Ballarat BigVac","Vacuum Cleaners","Clarendon","VIC","3352","0409 503 778","ballaratbigvac@live.com.au","39905288238",""," ",""
"Ballarat Concrete Pumping","Pumping","Warrenheip","VIC","3352","0408 508 430","accounts@bcpump.com.au","49005725422",""," ",""
"Ballarat House Restumping","Re Stumping","Ballarat","VIC","3352","0467 304 623","john@ballaratrestumping.com.au","92459541329",""," ",""
"Ballarat Security & Alarms","Security","Enfield","VIC","3352","0498 162 360","jesse@ballaratsecurityandalarms.com.au","20340361904",""," ",""
"Bally Painting and Property Maintenance","Painters","LAL LAL","VIC","3352","0411 102 937","ballyppm@gmail.com","27219123187",""," ",""
"Barry Robertson Building services","Decking","NAVIGATORS","VIC","3352","0438 327 133","b147295@bigpond.net.au","18278779479",""," ",""
"Bill Pearce Pty Ltd","Gas Fitters","555 Downing RD, CARDIGAN","VIC","3352","0408 575 832","","49434273715",""," ",""
"Bladier Floor & Wall Tiling","Tilers","Ballarat","VIC","3352","0427 965 860","bladiertiling@hotmail.com","64216949605",""," ",""
"Build Effect","Pergolas","Mount Rowan","VIC","3352","0409 517 019","buildeffect1@gmail.com","88123450527",""," ",""
"Campt Electrical","Electricians","Miners Rest","VIC","3352","0437 385 300","amptelec8@bigpond.com","71104551374",""," ",""
"CCG Residential & Commercial Pty Ltd","Building","Cambrian Hill","VIC","3352","0478 910 356","john@carrerasconstructions.com","88606049003","","John","Carreras"
"D J & C W Murphy Pty Ltd","Building","Cardigan","VIC","3352","0418 503 414","chris@cmbuilding.com.au","13007380538",""," ",""
"CM's Carpentry and Handyman service","Handyman","Durham Lead","VIC","3352","0438 384 191","nikki.083@hotmail.com","18002017798","","Cheyne","Mclean"
"Contemporary Stone Surfaces","Stonemasonry","12 MANRON CRT, REST","VIC","3352","0438 519 236","contemporarystone@bigpond.com.au","36463425044","","Nathan","Furness"
"Creative Cabinetry","Cabinet Making","Miners Rest","VIC","3352","0400 819 155","peters_89@hotmail.com","35605316541","","James","Peters"
"CV Heritage Painting and Design","Painters","LEARMonth","VIC","3352","0468 748 136","cvheritage@outlook.com","62129137890","","Darren","Ingwersen"
"Darren Bowman Design","Building Designer","Dereel","VIC","3352","0438 461 552","mail@darrenbowmandesign.com.au","11261489550","","Darren","Bowman"
"Darren Bradley Bricklaying","Bricklaying","Dereel","VIC","3352","0407 864 384","","54946489776",""," ",""
"Darren Briggs Electrical services","Electricians","Dereel","VIC","3352","0419 578 231","darren.briggs@me.com","96309422119",""," ",""
"Designer Plastering","Plastering & Gyprock","Miners Rest","VIC","3352"," ","matt@designerplastering.com.au","56166019674","","Matt","Demunck"
"Dirtworks Earthmoving","Excavation","Ballarat","VIC","3352","0400 567 891","dwearthmoving@outlook.com.au","41335776955",""," ",""
"Garry Dunn Plumbing","Plumbers","Mount Egerton","VIC","3352","0409 689 530","garrydunn@bigpond.com","42447872347",""," ",""
"House Karrinyup","Homewares","Durham Lead","VIC","3352"," ","karrinyup@house.com.au","74323352189",""," ",""
"House Inspections Ballarat Region","Inspections - Pest","Durham Lead","VIC","3352","0490 696 502","info@hibr.com.au","92459541329","","John","Gibson"
"JAG Plumbing & Maintenance","Plumbers","Cardigan","VIC","3352","0428 568 007","jgollin007@gmail.com","44387372808",""," ",""
"JRP Carpentry","Carpenters","Miners Rest","VIC","3352","0428 793 409","jamesparko@icloud.com","47940861336","","James / Craig","Parkinson"
"KDL Plumbing & Gas","Plumbers","Miners Rest","VIC","3352","0448 281 722","kayne.leguier@hotmail.com","33869029410","","Kayne Le","Guier"
"Kennedy Bros P & B","Excavation","Mitchell Park","VIC","3352","0418 508 817","pb@pbkennedy.com.au","94765741081",""," ",""
"Lj mowing & garden maintenance","Garden Maintenance","CARDIGAN VILLAGE","VIC","3352","0400 500 730","ljmowing@outlook.com","87660772997","","Leigh","Johnson"
"Malbek Painting","Painters","Miners Rest","VIC","3352","0400 117 690","malbekpainting@outlook.com","96006656382",""," ",""
"Melbourne Mini Diggers","Excavation","Invermay","VIC","3352","0439 734 991","melbminidiggers@bigpond.com","94430500818","","Ashley","Harper"
"MH Bobcat Tipper services","Landscape Construction","Navigators","VIC","3352","0412 221 799","mattheinrich@barton.broadband.com.au","15576033547","","Matthew","Heinrich"
"Mick Kerr Solid Plastering","Rendering","Miners Rest","VIC","3352","0408 331 645","mick_kerr_solidplastering@hotmail.com","29667254331",""," ",""
"Moore Electrical Connections","Electricians","Invermay","VIC","3352","0400 802 774","moore82@westnet.com.au","39579652497",""," ",""
"MULLER TIPPERS & BOBCAT HIRE P/L","Bobcat","53a KURUC RD, CARDIGAN","VIC","3352","0417 200 592","rjmooo@bigpond.net.au","97578058980",""," ",""
"Nav Track Excavations Pty Ltd","Excavation","Navigators","VIC","3352","0438 363 269","navtrack@bigpond.com","24134085653",""," ",""
"No Fuss No Dust Cleaning","Cleaning","Invermay","VIC","3352","0439 968 485","nofussnodust@hotmail.com","94150524011",""," ",""
"Oxes Mowing and Gardening OMG","Garden Maintenance","Wallace","VIC","3352"," ","oxybabe1965@hotmail.com","21152389857",""," ",""
"PADDY THE TREE FELLA PTY LTD","Tree Felling","Warren Heip","VIC","3352","0418 315 535","paddythetreefella@gmail.com","51166235927","","Paddy","Arnts"
"Papa Brothers Fencing","Fencing","Enfield","VIC","3352","0421 759 960","rachelc@live.com.au","71971918345",""," ",""
"Pipecon Pty Ltd","Excavation","Wynd","VIC","3352","0418 508 792","andrew@pipecon.net.au","61088043805","","Andrew","Mahar"
"Roger Keen Plumbing","Plumbers","Invermay","VIC","3352","0418 178 238","rogerkeen@bigpond.com","82085995053","","Roger","Keen"
"Scott Brayshaw Paving Landscaping","Landscaping & Gardening","370 Yankee Flat RD, Navigators","VIC","3352","0412 501 656","sj.paving@bigpond.com","13251402677",""," ",""
"SF Plover (Plover Transport)","Earth Moving","Cambrian Hill","VIC","3352","0418 593 707","plover2@bigpond.com","78459780530","","Steve","Plover"
"Simon Can","Handyman","Bunkers hill","VIC","3352","0438 597 169","simoncanhandyman@gmail.com","26546927947","","Simon","Kinnersly"
"Sky High Building services","Handyman","Miners Rest","VIC","3352"," ","tim@skyhighbuilding.com.au","69168614104",""," ",""
"Steve brayshaw property services","Rubbish Removal","SCOTCHMANS LEAD","VIC","3352","0434 308 506","s.brayshaw@bigpond.com","66389738636","","Stephen","Brayshaw"
"TGB BUILDING AND CARPentrY","Building","Miners rest","VIC","3352"," ","tgbbuild@gmail.com","13600156132","","Trent","Beames"
"T.P. Tiling services","Waterproofing","Miners Rest","VIC","3352","0438 077 600","timpaizis@hotmail.com","98837663990",""," ",""
"Tpz electrical","Electricians","Mount Egerton","VIC","3352","0410 873 307","wwdonlan@hotmail.com","56162578869","","Wayne","Donlan"
"Troon Electrical services","Electricians","Invermay","VIC","3352"," ","josh@troonelectrical.com.au","43427660422","","Joshua","Troon"
"Tyndall Fencing & Mini Earthworks PTY LTD","Handyman","Mount Rowan","VIC","3352"," ","tyndallfencing@hotmail.com","57726584337",""," ",""
"Tyndalls Removals","Furniture Removal","Mt Rowan","VIC","3352","0419 117 257","caroline.tyndall@hotmail.com","57901618155",""," ",""
"Vanric Constructions","Building","Enfield","VIC","3352","0409 135 115","vanricconstructions@gmail.com","20550106382","","Paul","Vanderkley"
"Windy Ridge Plumbing","Plumbers","Ballarat Roadside Delivery","VIC","3352","0419 200 686","wrplumbing@live.com.au","39873283529",""," ",""
"Wombat Hollow Home","Handyman","Cardigan","VIC","3352"," ","wombathollow2@bigpond.com","85354710450",""," ",""
