"business_trading_name","category","suburb","state","post_code","phone_number","email","ABN","logo","first_name","last_name"
"ALR Carpentry","Carpenters","Broome","WA","6725","0409 678 691","alr.carpentry@westnet.com.au","81468220829",""," ",""
"Ashton's Painting service","Painters","Broome","WA","6725","0408 934 039","garretwade.ga@gmail.com","18546518688","","Garret","Ashton"
"Avery Airconditioning Pty Ltd","Air Conditioning","Broome","WA","6725","0439 965 332","admin@averyair.com.au","31144954281",""," ",""
"Broomfield Holdings Appliance Repairs","Appliance Repairs","Bilingurr","WA","6725"," ","szekelyh1@gmail.com","97064366025","","Harold",""
"Broome Ceramics","Floor Tiling","Broome","WA","6725","0419 929 577","bmacaram@bigpond.com","34077267460",""," ",""
"Broome Cleaning services","Cleaning","Broome","WA","6725","0415 282 010","nbunsy@yahoo.com","50894410285","","RamanandSagar","Bunsy"
"Broome Concrete","Concreting","Broome","WA","6725","0429 942 719","baguley73@gmail.com","80273790649",""," ",""
"Broome Home Maintenance & Cabinets","Handyman","Broome","WA","6725","0417 971 846","broomehomecab1@bigpond.com.au","61129139419",""," ",""
"Broome Panel and Paint","Glass Replacement","Bilingurr","WA","6725"," ","office@broompanelandpaint.com","74238459475",""," ",""
"Broome Security Alarms","Security","Bilingurr","WA","6725"," ","broometel@wn.com.au","37589002718",""," ",""
"Broome Telephone Company","Security","Bilingurr","WA","6725"," ","broometel@wn.com.au","37589002718",""," ",""
"Broome Windscreens & Window Tint","Window Tinting","Bilingurr","WA","6725","0418 938 336","bwwt@bigpond.com.au","81473051658",""," ",""
"Clifton Refrigeration & Air-Conditioning","Air Conditioning","6 Pembroke RD, Broome","WA","6725"," ","rayandlis@bigpond.com.au","65969229485",""," ",""
"Connolly Homes","Building","Broome","WA","6725","0404 936 330","tabbitha@connollyhomes.com.au","41149481416",""," ",""
"Connolly's Backhoe Hire","Excavation","Broome","WA","6725","0412 635 195","tomnola@bigpond.com","33006816350",""," ",""
"Cube Maintenance Solutions","Handyman","Broome","WA","6725","0418 556 878","enquiries@cubemaintenance.com.au","26815454039",""," ",""
"Don's Maintenance service Broome Lettice","Handyman","Broome","WA","6725","0438 425 690","donhuth@bigpond.com","90109614208",""," ",""
"Easy Electrical","Electricians","Broome","WA","6725","0417 789 967","ian@easyelec.com.au","88694974194",""," ",""
"Elson Builders","Building","Broome","WA","6725","0413 141 728","elsonbuilders@bigpond.com","15128819009",""," ",""
"Great Northern Demolition Pty Ltd","Excavation","Broome","WA","6725","0408 321 182","samcox@greatnortherndemolition.com.au","56167177111","","Sam","Cox"
"Green Tree Room","Interior Styling","Broome","WA","6725","0408 802 605","greentreeroombroome@hotmail.com","95254890512",""," ",""
"H&M Tracey Construction Pty Ltd","Building","Broome","WA","6725","91921437","aaron.sales@hmtracey.com.au","80100871449","","Aaron","Bell"
"Hunter Transportable Buildings WA","General Building Work","Broome","WA","6725","0400 646 201","darylhunter@htbwa.com.au","54169153566",""," ",""
"Keshi Storage & Removals","House Move","Broome","WA","6725"," ","enquiry@keshistorageandcontainers.com.au","88053368684",""," ",""
"Kimberley Bobcat Hire","Bobcat","Broome","WA","6725","0427 059 636","kimberlybobcathire@live.com.au","77529267282","","Steen","Nixon"
"Kimberley Building Code Certification","Building Consultants","Bilingurr","WA","6725","0447 891 694","mark@kbcc.com.au","16129876080",""," ",""
"Kimberley Enviro Solutions","Electricians","Lot 201 McDaniel RD, Broome","WA","6725"," ","enquiries@kimberleyenvirosolutions.com.au","34155474132",""," ",""
"LIFT N RIG","Equipment Hire","Broome","WA","6725","0459 588 514","mark@liftnrig.com.au","64160994918",""," ",""
"Mamabulanjin Aboriginal Corporation","Garden Maintenance","Broome","WA","6725","0497 787 519","mac.opsmanager@mama.org.au","74782801486",""," ",""
"Maria's Cleaning service","Cleaning","Broome","WA","6725","0426 658 431","mariacruz.quintana@yahoo.com.ar","17327544305",""," ",""
"Northwest Hydro Solutions","Irrigation Systems","35 Clementson ST, Broome","WA","6725"," ","enquiries@northwesthydro.com.au","55162755311",""," ",""
"OHM Electronics Pty Ltd","Appliance Repairs","Broome","WA","6725","0409 550 459","alice@ohmelectronics.com.au","77602500327","","Josh","Bairstow"
"Pearl Shine Cleaning","Cleaning","Broome","WA","6725","0417 975 173","shirleebackhouse@gmail.com","81668761585","","Shirlee Louise","Backhouse"
"Pete the Hammer Builders","Renovations","Broome","WA","6725","0409 575 332","petemcgee1@gmail.com","30398357215","","Peter ""Pete""","McGee"
"Pool Wisdom","Pool Maintenance","Minyirr","WA","6725","0431 915 940","poolwisdomaccounts@bigpond.com","12865620376",""," ",""
"Prewett W L","Hire Services","2 Djaigween RD, Broome","WA","6725","0412 185 177","wayne.l.prewett@gmail.com","27152287295","","Wayne","Prewett"
"Quicdig WA","Excavation","17 Lucas ST, Broome","WA","6725","0419 865 341","qquicdig@bigpond.net.au","19090850650",""," ",""
"Roebuck Plaster","Plastering & Gyprock","Broome","WA","6725","0417 852 697","","27994809752",""," ",""
"Tony's Electrical services","Data Cabling","Broome","WA","6725","0417 711 296","tdnulife@gmail.com","40718968009",""," ",""
"UltraBright Cleaning & Maintenance services","Garden Maintenance","Broome","WA","6725","0419 275 767","sam@ultrabright.com.au","35244592593",""," ",""
"Vision Power","Electricians","Bilingurr","WA","6725"," ","admin@visionpower.com.au","17509929256",""," ",""
"Wright Plumbing","General Maintenance","Broome","WA","6725"," ","david.wrtplumb@gmail.com","64305828496",""," ",""
"Zapped Electrical Pty Ltd","Electricians","Broome","WA","6725","0417 271 446","zappelect@bigpond.com","20143012186",""," ",""
